"","code","year","data_level","cpi","ppp2021"
"1","AGO","2000","national",0.00658098496279651,203.688736
"2","AGO","2008","national",0.140636450448732,203.688736
"3","AGO","2018","national",0.571606030527844,203.688736
"4","ALB","1996","national",0.372476609889224,50.77230453
"5","ALB","2002","national",0.653954785412687,50.77230453
"6","ALB","2005","national",0.702719968891262,50.77230453
"7","ALB","2008","national",0.764380297642933,50.77230453
"8","ALB","2012","national",0.854852362971777,50.77230453
"9","ALB","2014","national",0.885584231004626,50.77230453
"10","ALB","2015","national",0.902376435378451,50.77230453
"11","ALB","2016","national",0.913885667107707,50.77230453
"12","ALB","2017","national",0.932041474443909,50.77230453
"13","ALB","2018","national",0.950943790127759,50.77230453
"14","ALB","2019","national",0.964362461538195,50.77230453
"15","ALB","2020","national",0.979993712247761,50.77230453
"16","ARE","2013","national",0.922829019415991,2.727601767
"17","ARE","2018","national",1.03947441156661,2.727601767
"18","ARG","1980","national",0.012632220455265,42.98624039
"19","ARG","1986","national",0.00323779343153018,42.98624039
"20","ARG","1987","national",0.00749013947917595,42.98624039
"21","ARG","1991","national",75.6890040888488,42.98624039
"22","ARG","1992","national",0.00893043779249633,42.98624039
"23","ARG","1993","national",0.00972270090784824,42.98624039
"24","ARG","1994","national",0.0100817838595095,42.98624039
"25","ARG","1995","national",0.0103004722497916,42.98624039
"26","ARG","1996","national",0.0103215547238128,42.98624039
"27","ARG","1997","national",0.0103804816627928,42.98624039
"28","ARG","1998","national",0.0104953056397404,42.98624039
"29","ARG","1999","national",0.0102823010025692,42.98624039
"30","ARG","2000","national",0.0102104623091647,42.98624039
"31","ARG","2001","national",0.0100949744983356,42.98624039
"32","ARG","2002","national",0.013980291108795,42.98624039
"33","ARG","2003","national",0.0145301576928708,42.98624039
"34","ARG","2004","national",0.0153383191970193,42.98624039
"35","ARG","2005","national",0.0169899695407599,42.98624039
"36","ARG","2006","national",0.0187482845147968,42.98624039
"37","ARG","2007","national",0.0229537621489957,42.98624039
"38","ARG","2008","national",0.028807117028661,42.98624039
"39","ARG","2009","national",0.0328310742945198,42.98624039
"40","ARG","2010","national",0.0409007828510635,42.98624039
"41","ARG","2011","national",0.0497658553812616,42.98624039
"42","ARG","2012","national",0.0623770505479995,42.98624039
"43","ARG","2013","national",0.07902740761972,42.98624039
"44","ARG","2014","national",0.110914429040637,42.98624039
"45","ARG","2016","national",0.196619395325451,42.98624039
"46","ARG","2017","national",0.241862659503681,42.98624039
"47","ARG","2018","national",0.34236049308218,42.98624039
"48","ARG","2019","national",0.524079353933784,42.98624039
"49","ARG","2020","national",0.723142379878119,42.98624039
"50","ARG","2021","national",1.09652900394612,42.98624039
"51","ARG","2022","national",2.02925740259679,42.98624039
"52","ARG","2023","national",5.10062535297667,42.98624039
"53","ARG","2024","national",14.6476395509064,42.98624039
"54","ARM","1996","national",0.375090825208472,164.2264862
"55","ARM","1999","national",0.467538719332167,164.2264862
"56","ARM","2001","national",0.478433062216071,164.2264862
"57","ARM","2002","national",0.483504683058269,164.2264862
"58","ARM","2003","national",0.50633361894343,164.2264862
"59","ARM","2004","national",0.541562638932761,164.2264862
"60","ARM","2005","national",0.545034875900072,164.2264862
"61","ARM","2006","national",0.560777349453372,164.2264862
"62","ARM","2007","national",0.585522366493613,164.2264862
"63","ARM","2008","national",0.637926374878333,164.2264862
"64","ARM","2009","national",0.65965451958106,164.2264862
"65","ARM","2010","national",0.713600582936414,164.2264862
"66","ARM","2011","national",0.768191092863134,164.2264862
"67","ARM","2012","national",0.787841568388156,164.2264862
"68","ARM","2013","national",0.833454959897533,164.2264862
"69","ARM","2014","national",0.858302820527646,164.2264862
"70","ARM","2015","national",0.890332038342529,164.2264862
"71","ARM","2016","national",0.877835262753122,164.2264862
"72","ARM","2017","national",0.886346345633514,164.2264862
"73","ARM","2018","national",0.908684365346164,164.2264862
"74","ARM","2019","national",0.921800761314782,164.2264862
"75","ARM","2020","national",0.932967756765165,164.2264862
"76","ARM","2021","national",1,164.2264862
"77","ARM","2022","national",1.08640908621211,164.2264862
"78","ARM","2023","national",1.1079245749794,164.2264862
"79","AUS","1981","national",0.241574209755077,1.509871364
"80","AUS","1985","national",0.32844881724932,1.509871364
"81","AUS","1989","national",0.448189240108856,1.509871364
"82","AUS","1995","national",0.544274649361525,1.509871364
"83","AUS","2001","national",0.624869164747751,1.509871364
"84","AUS","2003","national",0.661084362570653,1.509871364
"85","AUS","2004","national",0.676575256437096,1.509871364
"86","AUS","2008","national",0.768264601214153,1.509871364
"87","AUS","2010","national",0.804689135440655,1.509871364
"88","AUS","2014","national",0.888214360477287,1.509871364
"89","AUS","2016","national",0.913125392505756,1.509871364
"90","AUS","2018","national",0.948712581117859,1.509871364
"91","AUS","2020","national",0.972158258321125,1.509871364
"92","AUT","1994","national",8.43149097129401,0.753840148
"93","AUT","1995","national",8.62063972218774,0.753840148
"94","AUT","1996","national",8.78106755087639,0.753840148
"95","AUT","1997","national",8.89574640116805,0.753840148
"96","AUT","1998","national",8.97780727624613,0.753840148
"97","AUT","1999","national",9.0288897378341,0.753840148
"98","AUT","2000","national",9.24060486663941,0.753840148
"99","AUT","2003","national",0.711345271950997,0.753840148
"100","AUT","2004","national",0.726007564709691,0.753840148
"101","AUT","2005","national",0.742699510549798,0.753840148
"102","AUT","2006","national",0.753405834412141,0.753840148
"103","AUT","2007","national",0.769743853215926,0.753840148
"104","AUT","2008","national",0.794498462873668,0.753840148
"105","AUT","2009","national",0.798521048951409,0.753840148
"106","AUT","2010","national",0.813002532507355,0.753840148
"107","AUT","2011","national",0.839722535097609,0.753840148
"108","AUT","2012","national",0.860595298328051,0.753840148
"109","AUT","2013","national",0.877808520511176,0.753840148
"110","AUT","2014","national",0.891904505200885,0.753840148
"111","AUT","2015","national",0.899900986027325,0.753840148
"112","AUT","2016","national",0.907924386645873,0.753840148
"113","AUT","2017","national",0.926820778134579,0.753840148
"114","AUT","2018","national",0.945342153348906,0.753840148
"115","AUT","2019","national",0.959814394856409,0.753840148
"116","AUT","2020","national",0.973078160996112,0.753840148
"117","AUT","2021","national",1,0.753840148
"118","AUT","2022","national",1.08546866520692,0.753840148
"119","AUT","2023","national",1.17028858823492,0.753840148
"120","AZE","1995","national",1238.97177060804,0.482756495
"121","AZE","2001","national",1443.91145273696,0.482756495
"122","AZE","2002","national",1483.92465595146,0.482756495
"123","AZE","2003","national",1517.07346109515,0.482756495
"124","AZE","2004","national",1618.85293546558,0.482756495
"125","AZE","2005","national",1774.43342342544,0.482756495
"126","BDI","1992","national",0.0548916028750915,657.4093018
"127","BDI","1998","national",0.156445790850729,657.4093018
"128","BDI","2006","national",0.297237442072285,657.4093018
"129","BDI","2013","national",0.674245867522331,657.4093018
"130","BDI","2020","national",0.934099990543891,657.4093018
"131","BEL","1985","national",19.9804631839617,0.778574407
"132","BEL","1988","national",20.7920857109508,0.778574407
"133","BEL","1992","national",23.4461995776393,0.778574407
"134","BEL","1995","national",25.0268762953363,0.778574407
"135","BEL","1997","national",25.9626310041883,0.778574407
"136","BEL","2000","national",27.1772164646808,0.778574407
"137","BEL","2003","national",0.712846687414143,0.778574407
"138","BEL","2004","national",0.727797104254331,0.778574407
"139","BEL","2005","national",0.748040254875919,0.778574407
"140","BEL","2006","national",0.761439250883927,0.778574407
"141","BEL","2007","national",0.775320667057931,0.778574407
"142","BEL","2008","national",0.81012827313592,0.778574407
"143","BEL","2009","national",0.809697743754594,0.778574407
"144","BEL","2010","national",0.827424443829583,0.778574407
"145","BEL","2011","national",0.856649750397119,0.778574407
"146","BEL","2012","national",0.880975733609125,0.778574407
"147","BEL","2013","national",0.890781829362268,0.778574407
"148","BEL","2014","national",0.893810496243189,0.778574407
"149","BEL","2015","national",0.898828625507174,0.778574407
"150","BEL","2016","national",0.916570160538851,0.778574407
"151","BEL","2017","national",0.936056223349553,0.778574407
"152","BEL","2018","national",0.955274941302495,0.778574407
"153","BEL","2019","national",0.969000558867538,0.778574407
"154","BEL","2020","national",0.976178847207711,0.778574407
"155","BEL","2021","national",1,0.778574407
"156","BEL","2022","national",1.09597516262111,0.778574407
"157","BEL","2023","national",1.14035125263534,0.778574407
"158","BEN","2003","national",0.708224261387663,219.0110931
"159","BEN","2011","national",0.904743057001954,219.0110931
"160","BEN","2015","national",0.945647391635477,219.0110931
"161","BEN","2018","national",0.952075209669818,219.0110931
"162","BEN","2021","national",1.0101989415925,219.0110931
"163","BFA","1994","national",0.551571792915617,192.5042419
"164","BFA","1998","national",0.66377332705476,192.5042419
"165","BFA","2003","national",0.716684686563468,192.5042419
"166","BFA","2009","national",0.880591987778516,192.5042419
"167","BFA","2014","national",0.934821887704252,192.5042419
"168","BFA","2018","national",0.993809365733639,192.5042419
"169","BFA","2021","national",1.02687767998166,192.5042419
"170","BGD","1983","national",0.0969990640878677,29.21487999
"171","BGD","1985","national",0.118010103702545,29.21487999
"172","BGD","1988","national",0.150522068142891,29.21487999
"173","BGD","1991","national",0.178062304854393,29.21487999
"174","BGD","1995","national",0.206679463386536,29.21487999
"175","BGD","2000","national",0.229665324091911,29.21487999
"176","BGD","2005","national",0.289062201976776,29.21487999
"177","BGD","2010","national",0.537076711654663,29.21487999
"178","BGD","2016","national",0.760982811450958,29.21487999
"179","BGD","2022","national",1.07696962356567,29.21487999
"180","BGR","1989","national",0.2374477391605,0.744887412
"181","BGR","1992","national",2.46557469469611,0.744887412
"182","BGR","1994","national",8.35685675874723,0.744887412
"183","BGR","1995","national",0.0135434337838953,0.744887412
"184","BGR","1997","national",0.347665786282514,0.744887412
"185","BGR","2001","national",0.501221913946682,0.744887412
"186","BGR","2003","national",0.542799494625636,0.744887412
"187","BGR","2006","national",0.649145180849105,0.744887412
"188","BGR","2007","national",0.70368986775191,0.744887412
"189","BGR","2008","national",0.790586513615268,0.744887412
"190","BGR","2009","national",0.812352974788422,0.744887412
"191","BGR","2010","national",0.8321661894392,0.744887412
"192","BGR","2011","national",0.86728278743167,0.744887412
"193","BGR","2012","national",0.892907235868882,0.744887412
"194","BGR","2013","national",0.900854946129378,0.744887412
"195","BGR","2014","national",0.888079196480156,0.744887412
"196","BGR","2015","national",0.887149967937933,0.744887412
"197","BGR","2016","national",0.880064759026583,0.744887412
"198","BGR","2017","national",0.898208143130147,0.744887412
"199","BGR","2018","national",0.923488606855568,0.744887412
"200","BGR","2019","national",0.952151205978147,0.744887412
"201","BGR","2020","national",0.96807532363641,0.744887412
"202","BGR","2021","national",1,0.744887412
"203","BGR","2022","national",1.15325261734399,0.744887412
"204","BGR","2023","national",1.26215241227374,0.744887412
"205","BIH","2001","national",0.766916185284895,0.749401927
"206","BIH","2004","national",0.77570089736108,0.749401927
"207","BIH","2007","national",0.865506943025423,0.749401927
"208","BIH","2011","national",0.979414941406567,0.749401927
"209","BLR","1993","national",3.17970396766655e-06,7395.862341
"210","BLR","1995","national",0.000597309177286959,7395.862341
"211","BLR","1998","national",0.00258505296027464,7395.862341
"212","BLR","1999","national",0.0101768047022752,7395.862341
"213","BLR","2000","national",0.0273369551040693,7395.862341
"214","BLR","2001","national",0.0440493852743958,7395.862341
"215","BLR","2002","national",0.0627869168961153,7395.862341
"216","BLR","2003","national",0.0806170420880904,7395.862341
"217","BLR","2004","national",0.0952153722035654,7395.862341
"218","BLR","2005","national",0.105030647684316,7395.862341
"219","BLR","2006","national",0.112379774591259,7395.862341
"220","BLR","2007","national",0.121849753417619,7395.862341
"221","BLR","2008","national",0.139929668369717,7395.862341
"222","BLR","2009","national",0.158044476074536,7395.862341
"223","BLR","2010","national",0.170270397788813,7395.862341
"224","BLR","2011","national",0.260903114854991,7395.862341
"225","BLR","2012","national",0.41540923716908,7395.862341
"226","BLR","2013","national",0.491480088735154,7395.862341
"227","BLR","2014","national",0.580534084113826,7395.862341
"228","BLR","2015","national",0.659106379715042,7395.862341
"229","BLR","2016","national",0.737122054069581,7395.862341
"230","BLR","2017","national",0.781584046794429,7395.862341
"231","BLR","2018","national",0.819665212481535,7395.862341
"232","BLR","2019","national",0.865551338748924,7395.862341
"233","BLR","2020","national",0.913573327574514,7395.862341
"234","BLZ","1993","national",0.634966084544783,1.116538644
"235","BLZ","1994","national",0.651280541485305,1.116538644
"236","BLZ","1995","national",0.67010004719914,1.116538644
"237","BLZ","1996","national",0.710071655570549,1.116538644
"238","BLZ","1997","national",0.718230645649972,1.116538644
"239","BLZ","1998","national",0.733997693680134,1.116538644
"240","BLZ","1999","national",0.753238674326748,1.116538644
"241","BLZ","2018","national",0.966037707861392,1.116538644
"242","BOL","1990","national",0.193352551065988,2.447832346
"243","BOL","1992","national",0.243763663678902,2.447832346
"244","BOL","1997","national",0.365169940975945,2.447832346
"245","BOL","1999","national",0.402486985656649,2.447832346
"246","BOL","2000","national",0.418040416573045,2.447832346
"247","BOL","2001","national",0.422572171624225,2.447832346
"248","BOL","2002","national",0.432195157658829,2.447832346
"249","BOL","2004","national",0.465707766000271,2.447832346
"250","BOL","2005","national",0.491392233433003,2.447832346
"251","BOL","2006","national",0.510880607945243,2.447832346
"252","BOL","2007","national",0.568775340032822,2.447832346
"253","BOL","2008","national",0.644447272285225,2.447832346
"254","BOL","2009","national",0.649485730085951,2.447832346
"255","BOL","2011","national",0.738561861393114,2.447832346
"256","BOL","2012","national",0.770503782544879,2.447832346
"257","BOL","2013","national",0.828303449390937,2.447832346
"258","BOL","2014","national",0.85843913095377,2.447832346
"259","BOL","2015","national",0.895609640389303,2.447832346
"260","BOL","2016","national",0.926981170091936,2.447832346
"261","BOL","2017","national",0.955595807790396,2.447832346
"262","BOL","2018","national",0.969950659260383,2.447832346
"263","BOL","2019","national",1.00302093416418,2.447832346
"264","BOL","2020","national",0.992005795293752,2.447832346
"265","BOL","2021","national",1.00153662596753,2.447832346
"266","BOL","2022","national",1.03329200700991,2.447832346
"267","BOL","2023","national",1.0498054621398,2.447832346
"268","BRA","1981","national",0.00119587514539624,2.449863195
"269","BRA","1982","national",0.00242056314819156,2.449863195
"270","BRA","1983","national",0.00596303459937346,2.449863195
"271","BRA","1984","national",0.0174744270404205,2.449863195
"272","BRA","1985","national",0.056342537544209,2.449863195
"273","BRA","1986","national",0.00122402690202204,2.449863195
"274","BRA","1987","national",0.0046580816014093,2.449863195
"275","BRA","1988","national",0.0355407256646451,2.449863195
"276","BRA","1989","national",0.486845745754515,2.449863195
"277","BRA","1990","national",16.5756650219936,2.449863195
"278","BRA","1992","national",953.023716513585,2.449863195
"279","BRA","1993","national",18.9950060067285,2.449863195
"280","BRA","1995","national",0.204293909193267,2.449863195
"281","BRA","1996","national",0.231388273504457,2.449863195
"282","BRA","1997","national",0.244111814439699,2.449863195
"283","BRA","1998","national",0.249642222050526,2.449863195
"284","BRA","1999","national",0.265251939095422,2.449863195
"285","BRA","2001","national",0.3043217035667,2.449863195
"286","BRA","2002","national",0.328457823161457,2.449863195
"287","BRA","2003","national",0.378197173274723,2.449863195
"288","BRA","2004","national",0.403553311427127,2.449863195
"289","BRA","2005","national",0.42791421643827,2.449863195
"290","BRA","2006","national",0.443734991545882,2.449863195
"291","BRA","2007","national",0.462133077305513,2.449863195
"292","BRA","2008","national",0.491018861270971,2.449863195
"293","BRA","2009","national",0.512344305201273,2.449863195
"294","BRA","2011","national",0.575665155854312,2.449863195
"295","BRA","2012","national",0.600684559185213,2.449863195
"296","BRA","2013","national",0.637952860850198,2.449863195
"297","BRA","2014","national",0.678329188591827,2.449863195
"298","BRA","2015","national",0.739581607263779,2.449863195
"299","BRA","2016","national",0.80421470304645,2.449863195
"300","BRA","2017","national",0.831931003753753,2.449863195
"301","BRA","2018","national",0.862419970173518,2.449863195
"302","BRA","2019","national",0.894613912762107,2.449863195
"303","BRA","2020","national",0.92334685484576,2.449863195
"304","BRA","2021","national",1,2.449863195
"305","BRA","2022","national",1.09280100152264,2.449863195
"306","BRA","2023","national",1.14299953485823,2.449863195
"307","BRB","2016","national",0.81039985,2.637300014
"308","BTN","2003","national",0.35084207415694,21.36116028
"309","BTN","2007","national",0.428846214451217,21.36116028
"310","BTN","2012","national",0.626530221503527,21.36116028
"311","BTN","2017","national",0.83574193284786,21.36116028
"312","BTN","2022","national",1.04971300700749,21.36116028
"313","BWA","1985","national",0.0645557586980063,5.098423958
"314","BWA","1993","national",0.152597034161656,5.098423958
"315","BWA","2002","national",0.324879213324673,5.098423958
"316","BWA","2009","national",0.581343013922686,5.098423958
"317","BWA","2015","national",0.831506509080446,5.098423958
"318","CAF","1992","national",0.293515254855099,276.3265381
"319","CAF","2008","national",0.591335974164912,276.3265381
"320","CAF","2021","national",1.01778992619403,276.3265381
"321","CAN","1977","national",0.23739186248153,1.248244643
"322","CAN","1979","national",0.282351556650669,1.248244643
"323","CAN","1981","national",0.349732239870708,1.248244643
"324","CAN","1982","national",0.387394824207745,1.248244643
"325","CAN","1984","national",0.427764376106098,1.248244643
"326","CAN","1985","national",0.444712540626475,1.248244643
"327","CAN","1986","national",0.463367274381093,1.248244643
"328","CAN","1987","national",0.483552066017379,1.248244643
"329","CAN","1988","national",0.503030655372283,1.248244643
"330","CAN","1989","national",0.528099816699267,1.248244643
"331","CAN","1990","national",0.553345520753042,1.248244643
"332","CAN","1991","national",0.584475961450372,1.248244643
"333","CAN","1992","national",0.593185444471022,1.248244643
"334","CAN","1993","national",0.604248809599407,1.248244643
"335","CAN","1994","national",0.605249207926483,1.248244643
"336","CAN","1995","national",0.618254574423787,1.248244643
"337","CAN","1996","national",0.627964455771513,1.248244643
"338","CAN","1997","national",0.638145138640161,1.248244643
"339","CAN","1998","national",0.644500676804639,1.248244643
"340","CAN","1999","national",0.655681758000363,1.248244643
"341","CAN","2000","national",0.673512604780477,1.248244643
"342","CAN","2001","national",0.690519627334524,1.248244643
"343","CAN","2002","national",0.706114308074243,1.248244643
"344","CAN","2003","national",0.725592866054928,1.248244643
"345","CAN","2004","national",0.739069034073154,1.248244643
"346","CAN","2005","national",0.75542868100527,1.248244643
"347","CAN","2006","national",0.770552560224067,1.248244643
"348","CAN","2007","national",0.787029985971959,1.248244643
"349","CAN","2008","national",0.805684719726578,1.248244643
"350","CAN","2009","national",0.808097459867982,1.248244643
"351","CAN","2010","national",0.822456310145945,1.248244643
"352","CAN","2011","national",0.846407325704295,1.248244643
"353","CAN","2012","national",0.859236180849027,1.248244643
"354","CAN","2013","national",0.867298288247745,1.248244643
"355","CAN","2014","national",0.88383450928087,1.248244643
"356","CAN","2015","national",0.893779822763275,1.248244643
"357","CAN","2016","national",0.906549757125901,1.248244643
"358","CAN","2017","national",0.921026323471203,1.248244643
"359","CAN","2018","national",0.941917286014654,1.248244643
"360","CAN","2019","national",0.960277792349359,1.248244643
"361","CAN","2020","national",0.967162927319992,1.248244643
"362","CAN","2021","national",1,1.248244643
"363","CHE","1982","national",0.613831385943223,1.245627522
"364","CHE","1992","national",0.838826728832096,1.245627522
"365","CHE","2000","national",0.923039578805267,1.245627522
"366","CHE","2002","national",0.938159781395549,1.245627522
"367","CHE","2004","national",0.951728457915565,1.245627522
"368","CHE","2006","national",0.973084085206367,1.245627522
"369","CHE","2007","national",0.980210482234167,1.245627522
"370","CHE","2008","national",1.00399080075677,1.245627522
"371","CHE","2009","national",0.999166824206355,1.245627522
"372","CHE","2010","national",1.00604346038362,1.245627522
"373","CHE","2011","national",1.00837090299907,1.245627522
"374","CHE","2012","national",1.00138742382735,1.245627522
"375","CHE","2013","national",0.99921118861066,1.245627522
"376","CHE","2014","national",0.999079246723117,1.245627522
"377","CHE","2015","national",0.987650730558163,1.245627522
"378","CHE","2016","national",0.983358205799103,1.245627522
"379","CHE","2017","national",0.988607251676579,1.245627522
"380","CHE","2018","national",0.997863907661249,1.245627522
"381","CHE","2019","national",1.00148505621883,1.245627522
"382","CHE","2020","national",0.994215511069878,1.245627522
"383","CHE","2021","national",1,1.245627522
"384","CHE","2022","national",1.02835031269613,1.245627522
"385","CHL","1987","national",0.124788579916443,474.3409729
"386","CHL","1990","national",0.234800104342153,474.3409729
"387","CHL","1992","national",0.315396699026927,474.3409729
"388","CHL","1994","national",0.38483506569908,474.3409729
"389","CHL","1996","national",0.443639643708296,474.3409729
"390","CHL","1998","national",0.491690037178938,474.3409729
"391","CHL","2000","national",0.527894329971927,474.3409729
"392","CHL","2003","national",0.565551998919767,474.3409729
"393","CHL","2006","national",0.613339991122994,474.3409729
"394","CHL","2009","national",0.693256794012218,474.3409729
"395","CHL","2011","national",0.738264603928853,474.3409729
"396","CHL","2013","national",0.771859229860924,474.3409729
"397","CHL","2015","national",0.848037314069049,474.3409729
"398","CHL","2017","national",0.889622013195776,474.3409729
"399","CHL","2020","national",0.965890893690212,474.3409729
"400","CHL","2022","national",1.16809422328676,474.3409729
"401","CHN","1981","rural",0.13727168738842,3.424867796
"402","CHN","1981","urban",0.140699490904808,4.199237165
"403","CHN","1984","rural",0.145953431725502,3.424867796
"404","CHN","1984","urban",0.150336116552353,4.199237165
"405","CHN","1987","rural",0.176956474781036,3.424867796
"406","CHN","1987","urban",0.195842117071152,4.199237165
"407","CHN","1990","rural",0.25921556353569,3.424867796
"408","CHN","1990","urban",0.27848544716835,4.199237165
"409","CHN","1993","rural",0.315677672624588,3.424867796
"410","CHN","1993","urban",0.369034767150879,4.199237165
"411","CHN","1996","rural",0.493876457214355,3.424867796
"412","CHN","1996","urban",0.586204349994659,4.199237165
"413","CHN","1999","rural",0.49364373087883,3.424867796
"414","CHN","1999","urban",0.59294068813324,4.199237165
"415","CHN","2002","rural",0.495106905698776,3.424867796
"416","CHN","2002","urban",0.595849275588989,4.199237165
"417","CHN","2005","rural",0.53877180814743,3.424867796
"418","CHN","2005","urban",0.630988776683807,4.199237165
"419","CHN","2008","rural",0.668579339981079,3.424867796
"420","CHN","2008","urban",0.735002517700195,4.199237165
"421","CHN","2010","rural",0.703768610954285,3.424867796
"422","CHN","2010","urban",0.761618554592133,4.199237165
"423","CHN","2011","rural",0.775981426239014,3.424867796
"424","CHN","2011","urban",0.813257098197937,4.199237165
"425","CHN","2012","rural",0.803214192390442,3.424867796
"426","CHN","2012","urban",0.835215032100677,4.199237165
"427","CHN","2013","rural",0.837178707122803,3.424867796
"428","CHN","2013","urban",0.856930613517761,4.199237165
"429","CHN","2014","rural",0.856761813163757,3.424867796
"430","CHN","2014","urban",0.874926149845123,4.199237165
"431","CHN","2015","rural",0.873591065406799,3.424867796
"432","CHN","2015","urban",0.888050019741058,4.199237165
"433","CHN","2016","rural",0.903271734714508,3.424867796
"434","CHN","2016","urban",0.906699120998383,4.199237165
"435","CHN","2017","rural",0.915014266967773,3.424867796
"436","CHN","2017","urban",0.922113001346588,4.199237165
"437","CHN","2018","rural",0.934229552745819,3.424867796
"438","CHN","2018","urban",0.941477358341217,4.199237165
"439","CHN","2019","rural",0.964124917984009,3.424867796
"440","CHN","2019","urban",0.967838704586029,4.199237165
"441","CHN","2020","rural",0.993048667907715,3.424867796
"442","CHN","2020","urban",0.990099012851715,4.199237165
"443","CHN","2021","rural",1,3.424867796
"444","CHN","2021","urban",1,4.199237165
"445","CHN","2022","rural",1.01999998092651,3.424867796
"446","CHN","2022","urban",1.01999998092651,4.199237165
"447","CIV","1985","national",0.282053804460796,238.5399628
"448","CIV","1986","national",0.308692126555854,238.5399628
"449","CIV","1987","national",0.332170046655634,238.5399628
"450","CIV","1988","national",0.352271373551412,238.5399628
"451","CIV","1992","national",0.37754633472515,238.5399628
"452","CIV","1995","national",0.549065803766792,238.5399628
"453","CIV","1998","national",0.612303081185007,238.5399628
"454","CIV","2002","national",0.680085830052342,238.5399628
"455","CIV","2008","national",0.821838011100253,238.5399628
"456","CIV","2015","national",0.931868452736727,238.5399628
"457","CIV","2018","national",0.947579258437473,238.5399628
"458","CIV","2021","national",1.01352138033064,238.5399628
"459","CMR","1996","national",0.560081983669432,201.4928894
"460","CMR","2001","national",0.651997822558128,201.4928894
"461","CMR","2007","national",0.731834002526191,201.4928894
"462","CMR","2014","national",0.884343194938681,201.4928894
"463","CMR","2021","national",1.00719315639336,201.4928894
"464","COD","2004","national",0.194497822360503,928.602478
"465","COD","2012","national",0.425325020732208,928.602478
"466","COD","2020","national",0.917522524357884,928.602478
"467","COG","2005","national",0.643391143944571,242.3339996
"468","COG","2011","national",0.8143128282519,242.3339996
"469","COL","1980","national",0.00751508766624541,1506.552246
"470","COL","1988","national",0.0386604772878246,1506.552246
"471","COL","1989","national",0.0523383647098761,1506.552246
"472","COL","1991","national",0.087936151557996,1506.552246
"473","COL","1992","national",0.110513443011286,1506.552246
"474","COL","1996","national",0.241936630350905,1506.552246
"475","COL","1999","national",0.363674692226393,1506.552246
"476","COL","2000","national",0.395808871631738,1506.552246
"477","COL","2001","national",0.426532024883075,1506.552246
"478","COL","2002","national",0.456677902569483,1506.552246
"479","COL","2003","national",0.484707103184485,1506.552246
"480","COL","2004","national",0.512928820881392,1506.552246
"481","COL","2005","national",0.53909800323633,1506.552246
"482","COL","2008","national",0.638579344465318,1506.552246
"483","COL","2009","national",0.653716425037959,1506.552246
"484","COL","2010","national",0.67064947403482,1506.552246
"485","COL","2011","national",0.697203506766379,1506.552246
"486","COL","2012","national",0.716573849588233,1506.552246
"487","COL","2013","national",0.729145260983417,1506.552246
"488","COL","2014","national",0.755827577173848,1506.552246
"489","COL","2015","national",0.804125104822816,1506.552246
"490","COL","2016","national",0.852101923824603,1506.552246
"491","COL","2017","national",0.88718653089043,1506.552246
"492","COL","2018","national",0.916177949340577,1506.552246
"493","COL","2019","national",0.951421256645285,1506.552246
"494","COL","2020","national",0.96559216795819,1506.552246
"495","COL","2021","national",1.01637164971941,1506.552246
"496","COL","2022","national",1.14373801051256,1506.552246
"497","COL","2023","national",1.25981248632984,1506.552246
"498","COM","2004","national",0.731056814624602,228.0477905
"499","COM","2014","national",0.923746231070658,228.0477905
"500","CPV","2001","national",0.73190786478247,54.40446854
"501","CPV","2007","national",0.82018564080106,54.40446854
"502","CPV","2015","national",0.959231544019808,54.40446854
"503","CRI","1981","national",0.00911078216755308,363.6524048
"504","CRI","1986","national",0.033091343817816,363.6524048
"505","CRI","1989","national",0.0544328829930995,363.6524048
"506","CRI","1990","national",0.0654154845074988,363.6524048
"507","CRI","1991","national",0.0848282818923662,363.6524048
"508","CRI","1992","national",0.102716565867102,363.6524048
"509","CRI","1993","national",0.112833791225253,363.6524048
"510","CRI","1994","national",0.126188132720503,363.6524048
"511","CRI","1995","national",0.155510267271232,363.6524048
"512","CRI","1996","national",0.1845651170033,363.6524048
"513","CRI","1997","national",0.209076124818156,363.6524048
"514","CRI","1998","national",0.233527736006643,363.6524048
"515","CRI","1999","national",0.25469273386939,363.6524048
"516","CRI","2000","national",0.284420745366972,363.6524048
"517","CRI","2001","national",0.316504823043849,363.6524048
"518","CRI","2002","national",0.344896410448133,363.6524048
"519","CRI","2003","national",0.37761405213961,363.6524048
"520","CRI","2004","national",0.42457698472187,363.6524048
"521","CRI","2005","national",0.482944069566939,363.6524048
"522","CRI","2006","national",0.541024070717891,363.6524048
"523","CRI","2007","national",0.588382980809277,363.6524048
"524","CRI","2008","national",0.671756045355607,363.6524048
"525","CRI","2009","national",0.71812501167418,363.6524048
"526","CRI","2010","national",0.75893049398954,363.6524048
"527","CRI","2011","national",0.798340155585237,363.6524048
"528","CRI","2012","national",0.829869864749341,363.6524048
"529","CRI","2013","national",0.878119724236257,363.6524048
"530","CRI","2014","national",0.923657137785662,363.6524048
"531","CRI","2015","national",0.920687306467228,363.6524048
"532","CRI","2016","national",0.925062857943059,363.6524048
"533","CRI","2017","national",0.935823546753537,363.6524048
"534","CRI","2018","national",0.955325439077961,363.6524048
"535","CRI","2019","national",0.98293497090172,363.6524048
"536","CRI","2020","national",0.981311463114306,363.6524048
"537","CRI","2021","national",0.995437960752352,363.6524048
"538","CRI","2022","national",1.10971410015885,363.6524048
"539","CRI","2023","national",1.08435601676077,363.6524048
"540","CRI","2024","national",1.08470119074692,363.6524048
"541","CYP","2004","national",0.485463539776763,0.622883916
"542","CYP","2005","national",0.497892203494657,0.622883916
"543","CYP","2006","national",0.509367028186957,0.622883916
"544","CYP","2007","national",0.521452540933733,0.622883916
"545","CYP","2008","national",0.93255334863969,0.622883916
"546","CYP","2009","national",0.935596024480618,0.622883916
"547","CYP","2010","national",0.958331389696037,0.622883916
"548","CYP","2011","national",0.989855236919272,0.622883916
"549","CYP","2012","national",1.01350336832953,0.622883916
"550","CYP","2013","national",1.00945587465652,0.622883916
"551","CYP","2014","national",0.99577790798726,0.622883916
"552","CYP","2015","national",0.974896443735977,0.622883916
"553","CYP","2016","national",0.960963525470959,0.622883916
"554","CYP","2017","national",0.966073597733322,0.622883916
"555","CYP","2018","national",0.979941516867676,0.622883916
"556","CYP","2019","national",0.982395032984317,0.622883916
"557","CYP","2020","national",0.976123165236856,0.622883916
"558","CYP","2021","national",1,0.622883916
"559","CYP","2022","national",1.08395482202156,0.622883916
"560","CYP","2023","national",1.12234137835884,0.622883916
"561","CZE","1992","national",0.310613678955239,13.57757568
"562","CZE","1993","national",0.375261800497687,13.57757568
"563","CZE","1996","national",0.489480866397914,13.57757568
"564","CZE","2002","national",0.665182753440492,13.57757568
"565","CZE","2004","national",0.684354144317471,13.57757568
"566","CZE","2005","national",0.697063285095759,13.57757568
"567","CZE","2006","national",0.714726793157612,13.57757568
"568","CZE","2007","national",0.735118859810679,13.57757568
"569","CZE","2008","national",0.781862554463553,13.57757568
"570","CZE","2009","national",0.78983268737737,13.57757568
"571","CZE","2010","national",0.801464786472542,13.57757568
"572","CZE","2011","national",0.816830638222102,13.57757568
"573","CZE","2012","national",0.843684954973861,13.57757568
"574","CZE","2013","national",0.855819620527165,13.57757568
"575","CZE","2014","national",0.858763538537474,13.57757568
"576","CZE","2015","national",0.861420249508746,13.57757568
"577","CZE","2016","national",0.867308085529363,13.57757568
"578","CZE","2017","national",0.888561773299541,13.57757568
"579","CZE","2018","national",0.907661377703488,13.57757568
"580","CZE","2019","national",0.933510439245164,13.57757568
"581","CZE","2020","national",0.963021466968194,13.57757568
"582","CZE","2021","national",1,13.57757568
"583","CZE","2022","national",1.15100168423051,13.57757568
"584","CZE","2023","national",1.27371289422025,13.57757568
"585","DEU","1991","national",1.17877368349799,0.740518451
"586","DEU","1992","national",1.23838398660137,0.740518451
"587","DEU","1993","national",1.29379647124637,0.740518451
"588","DEU","1994","national",1.32863913304755,0.740518451
"589","DEU","1995","national",1.35130786512056,0.740518451
"590","DEU","1996","national",1.37089811159113,0.740518451
"591","DEU","1997","national",1.39748489295824,0.740518451
"592","DEU","1998","national",1.41021861721383,0.740518451
"593","DEU","1999","national",1.4184744976479,0.740518451
"594","DEU","2000","national",1.43890430781014,0.740518451
"595","DEU","2001","national",1.46745011382432,0.740518451
"596","DEU","2002","national",1.4882997058324,0.740518451
"597","DEU","2003","national",0.768837372862556,0.740518451
"598","DEU","2004","national",0.781644172415629,0.740518451
"599","DEU","2005","national",0.79373548049765,0.740518451
"600","DEU","2006","national",0.806256057263421,0.740518451
"601","DEU","2007","national",0.824786657590501,0.740518451
"602","DEU","2008","national",0.846465184600271,0.740518451
"603","DEU","2009","national",0.849112385148194,0.740518451
"604","DEU","2010","national",0.858484969734069,0.740518451
"605","DEU","2011","national",0.876300013092891,0.740518451
"606","DEU","2012","national",0.893900422109839,0.740518451
"607","DEU","2013","national",0.907351124688536,0.740518451
"608","DEU","2014","national",0.91557894911961,0.740518451
"609","DEU","2015","national",0.920288918652274,0.740518451
"610","DEU","2016","national",0.924814382557518,0.740518451
"611","DEU","2017","national",0.938774456902086,0.740518451
"612","DEU","2018","national",0.955035579064395,0.740518451
"613","DEU","2019","national",0.968842127959663,0.740518451
"614","DEU","2020","national",0.970245798567144,0.740518451
"615","DJI","2002","national",0.579407286242147,96.93076324
"616","DJI","2012","national",0.880116441869169,96.93076324
"617","DJI","2013","national",0.903932685509918,96.93076324
"618","DJI","2017","national",0.938988197956574,96.93076324
"619","DNK","1987","national",0.52106363966547,7.240200996
"620","DNK","1992","national",0.612368760161182,7.240200996
"621","DNK","1995","national",0.645600604754908,7.240200996
"622","DNK","2000","national",0.723707164348825,7.240200996
"623","DNK","2003","national",0.774323684613799,7.240200996
"624","DNK","2004","national",0.78326217900364,7.240200996
"625","DNK","2005","national",0.797500390544965,7.240200996
"626","DNK","2006","national",0.812846053089375,7.240200996
"627","DNK","2007","national",0.826609729683398,7.240200996
"628","DNK","2008","national",0.854848952889968,7.240200996
"629","DNK","2009","national",0.866002214090835,7.240200996
"630","DNK","2010","national",0.88601488052366,7.240200996
"631","DNK","2011","national",0.910457215773677,7.240200996
"632","DNK","2012","national",0.932289203228108,7.240200996
"633","DNK","2013","national",0.939645644069993,7.240200996
"634","DNK","2014","national",0.944945428819048,7.240200996
"635","DNK","2015","national",0.949216919320474,7.240200996
"636","DNK","2016","national",0.951589932044838,7.240200996
"637","DNK","2017","national",0.962505925772054,7.240200996
"638","DNK","2018","national",0.970336969158811,7.240200996
"639","DNK","2019","national",0.977693410000696,7.240200996
"640","DNK","2020","national",0.981806654588783,7.240200996
"641","DNK","2021","national",1,7.240200996
"642","DNK","2022","national",1.07696564779327,7.240200996
"643","DNK","2023","national",1.11256131184172,7.240200996
"644","DOM","1986","national",0.0229895661612797,23.1358223
"645","DOM","1989","national",0.0528246316528653,23.1358223
"646","DOM","1992","national",0.122453350191139,23.1358223
"647","DOM","1996","national",0.162765576309239,23.1358223
"648","DOM","1997","national",0.175387150093028,23.1358223
"649","DOM","2000","national",0.222269319518336,23.1358223
"650","DOM","2001","national",0.235398323447794,23.1358223
"651","DOM","2002","national",0.248075280834771,23.1358223
"652","DOM","2003","national",0.330288788973881,23.1358223
"653","DOM","2004","national",0.48846577044736,23.1358223
"654","DOM","2005","national",0.509063369426511,23.1358223
"655","DOM","2006","national",0.533139761363018,23.1358223
"656","DOM","2007","national",0.56946071834152,23.1358223
"657","DOM","2008","national",0.652480048578097,23.1358223
"658","DOM","2009","national",0.64224021168102,23.1358223
"659","DOM","2010","national",0.678855981622011,23.1358223
"660","DOM","2011","national",0.725538181134479,23.1358223
"661","DOM","2012","national",0.744441086429459,23.1358223
"662","DOM","2013","national",0.782638317407524,23.1358223
"663","DOM","2014","national",0.804773815218138,23.1358223
"664","DOM","2015","national",0.80794567008734,23.1358223
"665","DOM","2016","national",0.818878446445024,23.1358223
"666","DOM","2017","national",0.844264509669173,23.1358223
"667","DOM","2018","national",0.874357835204397,23.1358223
"668","DOM","2019","national",0.890188984953902,23.1358223
"669","DOM","2020","national",0.92384726351394,23.1358223
"670","DOM","2021","national",1,23.1358223
"671","DOM","2022","national",1.08811093458827,23.1358223
"672","DOM","2023","national",1.14018376942835,23.1358223
"673","DOM","2024","national",1.17783523933816,23.1358223
"674","DZA","1988","national",0.0730152964830468,39.36594772
"675","DZA","1995","national",0.31152939952839,39.36594772
"676","DZA","2011","national",0.638339859350518,39.36594772
"677","ECU","1987","national",0.00259419109040302,0.48530966
"678","ECU","1994","national",1164.37325284229,0.48530966
"679","ECU","1995","national",1493.63502325968,0.48530966
"680","ECU","1998","national",3046.28788221374,0.48530966
"681","ECU","1999","national",4227.25308350122,0.48530966
"682","ECU","2000","national",0.428761495108704,0.48530966
"683","ECU","2003","national",0.624185284163455,0.48530966
"684","ECU","2004","national",0.636478087430629,0.48530966
"685","ECU","2005","national",0.654053486725469,0.48530966
"686","ECU","2006","national",0.675041860564342,0.48530966
"687","ECU","2007","national",0.693266402375126,0.48530966
"688","ECU","2008","national",0.756583863429754,0.48530966
"689","ECU","2009","national",0.786987171813107,0.48530966
"690","ECU","2010","national",0.813672601384513,0.48530966
"691","ECU","2011","national",0.858681906425376,0.48530966
"692","ECU","2012","national",0.899667364462362,0.48530966
"693","ECU","2013","national",0.920371981456774,0.48530966
"694","ECU","2014","national",0.954971061380291,0.48530966
"695","ECU","2015","national",0.987450975435079,0.48530966
"696","ECU","2016","national",0.997866499685402,0.48530966
"697","ECU","2017","national",0.995698227241454,0.48530966
"698","ECU","2018","national",0.999149187857557,0.48530966
"699","ECU","2019","national",0.999568502333533,0.48530966
"700","ECU","2020","national",0.990444958823272,0.48530966
"701","ECU","2021","national",1.00869617137127,0.48530966
"702","ECU","2022","national",1.04545515152159,0.48530966
"703","ECU","2023","national",1.06147406979779,0.48530966
"704","ECU","2024","national",1.07747212737178,0.48530966
"705","EGY","1990","national",0.0659786560712267,5.042516
"706","EGY","1995","national",0.120794774493822,5.042516
"707","EGY","1999","national",0.140401288940266,5.042516
"708","EGY","2004","national",0.17679215022499,5.042516
"709","EGY","2008","national",0.259328957064126,5.042516
"710","EGY","2010","national",0.329005354174388,5.042516
"711","EGY","2012","national",0.386794402660209,5.042516
"712","EGY","2015","national",0.491584944125924,5.042516
"713","EGY","2017","national",0.802839532362298,5.042516
"714","EGY","2019","national",0.924424940562601,5.042516
"715","EGY","2021","national",1.10699657761892,5.042516
"716","ESP","1980","national",31.0800220883885,0.660564244
"717","ESP","1985","national",55.3291728901497,0.660564244
"718","ESP","1990","national",75.6976072070025,0.660564244
"719","ESP","1993","national",88.8215223233436,0.660564244
"720","ESP","1994","national",93.0124872684983,0.660564244
"721","ESP","1995","national",97.3597120286236,0.660564244
"722","ESP","1996","national",100.824592928839,0.660564244
"723","ESP","1997","national",102.811922077877,0.660564244
"724","ESP","1998","national",104.697827913575,0.660564244
"725","ESP","1999","national",107.116712704216,0.660564244
"726","ESP","2000","national",110.794582562444,0.660564244
"727","ESP","2003","national",0.732526891702997,0.660564244
"728","ESP","2004","national",0.754790183393442,0.660564244
"729","ESP","2005","national",0.780217657475951,0.660564244
"730","ESP","2006","national",0.807646816490603,0.660564244
"731","ESP","2007","national",0.830154330336493,0.660564244
"732","ESP","2008","national",0.863985923704062,0.660564244
"733","ESP","2009","national",0.861499273790366,0.660564244
"734","ESP","2010","national",0.877005105715073,0.660564244
"735","ESP","2011","national",0.905035051232121,0.660564244
"736","ESP","2012","national",0.927173421617301,0.660564244
"737","ESP","2013","national",0.940233418837852,0.660564244
"738","ESP","2014","national",0.938812581174593,0.660564244
"739","ESP","2015","national",0.934115085107407,0.660564244
"740","ESP","2016","national",0.93222253067815,0.660564244
"741","ESP","2017","national",0.950457561917509,0.660564244
"742","ESP","2018","national",0.966377500943601,0.660564244
"743","ESP","2019","national",0.973137503296163,0.660564244
"744","ESP","2020","national",0.96999667255677,0.660564244
"745","ESP","2021","national",1,0.660564244
"746","ESP","2022","national",1.08390576664714,0.660564244
"747","ESP","2023","national",1.12219324342345,0.660564244
"748","EST","1993","national",0.173584129683977,0.613318384
"749","EST","1995","national",0.330061027390196,0.613318384
"750","EST","1998","national",0.485983740277251,0.613318384
"751","EST","2000","national",8.17026673819785,0.613318384
"752","EST","2001","national",8.63991693318397,0.613318384
"753","EST","2002","national",8.94852723885418,0.613318384
"754","EST","2003","national",9.06798895980523,0.613318384
"755","EST","2004","national",9.34439128761225,0.613318384
"756","EST","2005","national",9.72561611392871,0.613318384
"757","EST","2006","national",10.1572020792445,0.613318384
"758","EST","2007","national",10.8277114864623,0.613318384
"759","EST","2008","national",11.9497179275302,0.613318384
"760","EST","2009","national",11.9403486750794,0.613318384
"761","EST","2010","national",12.2952208372889,0.613318384
"762","EST","2011","national",0.824956017435351,0.613318384
"763","EST","2012","national",0.857404823348814,0.613318384
"764","EST","2013","national",0.881245546662286,0.613318384
"765","EST","2014","national",0.880309869870362,0.613318384
"766","EST","2015","national",0.875975852380454,0.613318384
"767","EST","2016","national",0.877278317832146,0.613318384
"768","EST","2017","national",0.907256965792071,0.613318384
"769","EST","2018","national",0.938433282443755,0.613318384
"770","EST","2019","national",0.95980384780369,0.613318384
"771","EST","2020","national",0.955537216788705,0.613318384
"772","EST","2021","national",1,0.613318384
"773","EST","2022","national",1.19398257963699,0.613318384
"774","EST","2023","national",1.30334219529428,0.613318384
"775","ETH","1981","national",0.0283910820957828,13.4367609
"776","ETH","1995","national",0.0733318683221071,13.4367609
"777","ETH","1999","national",0.0760502368635398,13.4367609
"778","ETH","2004","national",0.0869547449597426,13.4367609
"779","ETH","2010","national",0.236870807300885,13.4367609
"780","ETH","2015","national",0.428965128900146,13.4367609
"781","ETH","2021","national",1.11926538330698,13.4367609
"782","FIN","1987","national",3.10774563126641,0.867450714
"783","FIN","1991","national",3.85445887442198,0.867450714
"784","FIN","1995","national",4.13043957693577,0.867450714
"785","FIN","2000","national",4.44567470149194,0.867450714
"786","FIN","2003","national",0.785878619358823,0.867450714
"787","FIN","2004","national",0.7873491588681,0.867450714
"788","FIN","2005","national",0.792261228676813,0.867450714
"789","FIN","2006","national",0.804673308425633,0.867450714
"790","FIN","2007","national",0.824875980591609,0.867450714
"791","FIN","2008","national",0.858415029972738,0.867450714
"792","FIN","2009","national",0.858415029972738,0.867450714
"793","FIN","2010","national",0.868579850209206,0.867450714
"794","FIN","2011","national",0.898257565415848,0.867450714
"795","FIN","2012","national",0.92348363659497,0.867450714
"796","FIN","2013","national",0.937135380288634,0.867450714
"797","FIN","2014","national",0.946892788650783,0.867450714
"798","FIN","2015","national",0.944923918416899,0.867450714
"799","FIN","2016","national",0.948294343813741,0.867450714
"800","FIN","2017","national",0.955444594503253,0.867450714
"801","FIN","2018","national",0.965799933467547,0.867450714
"802","FIN","2019","national",0.975690605538098,0.867450714
"803","FIN","2020","national",0.978525524208138,0.867450714
"804","FIN","2021","national",1,0.867450714
"805","FIN","2022","national",1.07123505173495,0.867450714
"806","FIN","2023","national",1.13819413427627,0.867450714
"807","FJI","2002","national",0.582925089328561,0.944870651
"808","FJI","2008","national",0.735896710020511,0.944870651
"809","FJI","2013","national",0.885800665635658,0.944870651
"810","FJI","2019","national",1.02105592666019,0.944870651
"811","FRA","1979","national",1.9898759060137,0.766459584
"812","FRA","1984","national",3.37943920507722,0.766459584
"813","FRA","1990","national",4.1549079180487,0.766459584
"814","FRA","1996","national",4.7301998462702,0.766459584
"815","FRA","1997","national",4.7871485577428,0.766459584
"816","FRA","1998","national",4.81831892784767,0.766459584
"817","FRA","1999","national",4.84420013143674,0.766459584
"818","FRA","2000","national",4.92538692270288,0.766459584
"819","FRA","2001","national",5.00590622275778,0.766459584
"820","FRA","2002","national",5.10219060542972,0.766459584
"821","FRA","2003","national",0.79414272216064,0.766459584
"822","FRA","2004","national",0.811153943567193,0.766459584
"823","FRA","2005","national",0.825315671852383,0.766459584
"824","FRA","2006","national",0.839140696166686,0.766459584
"825","FRA","2007","national",0.851627118545118,0.766459584
"826","FRA","2008","national",0.87558224839643,0.766459584
"827","FRA","2009","national",0.876349403955905,0.766459584
"828","FRA","2010","national",0.88976739661508,0.766459584
"829","FRA","2011","national",0.908555681842173,0.766459584
"830","FRA","2012","national",0.926310638874741,0.766459584
"831","FRA","2013","national",0.934311363331349,0.766459584
"832","FRA","2014","national",0.939055427243736,0.766459584
"833","FRA","2015","national",0.939407676619731,0.766459584
"834","FRA","2016","national",0.941129958161138,0.766459584
"835","FRA","2017","national",0.950845089630801,0.766459584
"836","FRA","2018","national",0.968443438586587,0.766459584
"837","FRA","2019","national",0.979176284961803,0.766459584
"838","FRA","2020","national",0.983842010893867,0.766459584
"839","FRA","2021","national",1,0.766459584
"840","FRA","2022","national",1.05222366837483,0.766459584
"841","FRA","2023","national",1.10355486757521,0.766459584
"842","FSM","2000","national",0.601492002151322,0.949481189
"843","FSM","2005","national",0.644698919696504,0.949481189
"844","FSM","2013","national",0.932630264358634,0.949481189
"845","GAB","2005","national",0.706428466937554,300.2349854
"846","GAB","2017","national",0.909380497354165,300.2349854
"847","GBR","1977","national",0.187698371703394,0.720495343
"848","GBR","1978","national",0.203208148980056,0.720495343
"849","GBR","1979","national",0.23048128394954,0.720495343
"850","GBR","1980","national",0.271889366287977,0.720495343
"851","GBR","1981","national",0.304180674312403,0.720495343
"852","GBR","1982","national",0.330336739768543,0.720495343
"853","GBR","1983","national",0.345562975991214,0.720495343
"854","GBR","1984","national",0.362705358970582,0.720495343
"855","GBR","1985","national",0.384726631680125,0.720495343
"856","GBR","1986","national",0.397913546883439,0.720495343
"857","GBR","1987","national",0.414422655834231,0.720495343
"858","GBR","1988","national",0.431643397234256,0.720495343
"859","GBR","1989","national",0.456507133973618,0.720495343
"860","GBR","1990","national",0.49331738813396,0.720495343
"861","GBR","1991","national",0.530127673095569,0.720495343
"862","GBR","1992","national",0.554468743152494,0.720495343
"863","GBR","1993","national",0.568655251840699,0.720495343
"864","GBR","1994","national",0.58127379128286,0.720495343
"865","GBR","1995","national",0.596953606948371,0.720495343
"866","GBR","1996","national",0.613977466656244,0.720495343
"867","GBR","1997","national",0.627491953323269,0.720495343
"868","GBR","1998","national",0.638915834863078,0.720495343
"869","GBR","1999","national",0.650115729596672,0.720495343
"870","GBR","2000","national",0.65780631289195,0.720495343
"871","GBR","2001","national",0.667886211991931,0.720495343
"872","GBR","2002","national",0.67804077336065,0.720495343
"873","GBR","2003","national",0.687373988170712,0.720495343
"874","GBR","2004","national",0.696931251389522,0.720495343
"875","GBR","2005","national",0.711491071421421,0.720495343
"876","GBR","2006","national",0.728962904741726,0.720495343
"877","GBR","2007","national",0.746360014190759,0.720495343
"878","GBR","2008","national",0.772642426439955,0.720495343
"879","GBR","2009","national",0.787799606224295,0.720495343
"880","GBR","2010","national",0.807436706940554,0.720495343
"881","GBR","2011","national",0.838572351465361,0.720495343
"882","GBR","2012","national",0.86015079437389,0.720495343
"883","GBR","2013","national",0.87986261896142,0.720495343
"884","GBR","2014","national",0.892630482941058,0.720495343
"885","GBR","2015","national",0.895915745970625,0.720495343
"886","GBR","2016","national",0.904950311705732,0.720495343
"887","GBR","2017","national",0.928096723860305,0.720495343
"888","GBR","2018","national",0.94937651769388,0.720495343
"889","GBR","2019","national",0.965877679918049,0.720495343
"890","GBR","2020","national",0.975434881534327,0.720495343
"891","GBR","2021","national",1,0.720495343
"892","GEO","1996","national",0.24937951284216,1.073477149
"893","GEO","1997","national",0.267054591476169,1.073477149
"894","GEO","1998","national",0.276579890439965,1.073477149
"895","GEO","1999","national",0.329662986627042,1.073477149
"896","GEO","2000","national",0.343060367200788,1.073477149
"897","GEO","2001","national",0.358999092366316,1.073477149
"898","GEO","2002","national",0.379059396852103,1.073477149
"899","GEO","2003","national",0.397119360318882,1.073477149
"900","GEO","2004","national",0.419608583097723,1.073477149
"901","GEO","2005","national",0.454275463900285,1.073477149
"902","GEO","2006","national",0.495891473920418,1.073477149
"903","GEO","2007","national",0.541736139464687,1.073477149
"904","GEO","2008","national",0.595906989195483,1.073477149
"905","GEO","2009","national",0.606201364294002,1.073477149
"906","GEO","2010","national",0.649303363158791,1.073477149
"907","GEO","2011","national",0.704772898876569,1.073477149
"908","GEO","2012","national",0.698122285136475,1.073477149
"909","GEO","2013","national",0.694547480556121,1.073477149
"910","GEO","2014","national",0.715861812598265,1.073477149
"911","GEO","2015","national",0.744521923945628,1.073477149
"912","GEO","2016","national",0.760416907131964,1.073477149
"913","GEO","2017","national",0.806310466598615,1.073477149
"914","GEO","2018","national",0.827397469147539,1.073477149
"915","GEO","2019","national",0.867550277764045,1.073477149
"916","GEO","2020","national",0.912684272375707,1.073477149
"917","GEO","2021","national",1,1.073477149
"918","GEO","2022","national",1.1189816510571,1.073477149
"919","GEO","2023","national",1.14681918532124,1.073477149
"920","GEO","2024","national",1.15954567390835,1.073477149
"921","GHA","1987","national",26.6953161917627,2.454195261
"922","GHA","1988","national",34.1368140652776,2.454195261
"923","GHA","1991","national",0.0066013028845191,2.454195261
"924","GHA","1998","national",0.0366226546466351,2.454195261
"925","GHA","2005","national",0.15754821896553,2.454195261
"926","GHA","2012","national",0.519909083843231,2.454195261
"927","GHA","2016","national",0.696678221225739,2.454195261
"928","GIN","1991","national",0.041164981201779,3471.783636
"929","GIN","1994","national",0.0538080390272368,3471.783636
"930","GIN","2002","national",0.0776508412781158,3471.783636
"931","GIN","2007","national",0.206088347528431,3471.783636
"932","GIN","2012","national",0.427004757490122,3471.783636
"933","GIN","2018","national",0.768258307429785,3471.783636
"934","GMB","1998","national",0.247824225454941,15.42415047
"935","GMB","2003","national",0.358780408611836,15.42415047
"936","GMB","2010","national",0.51095852057816,15.42415047
"937","GMB","2015","national",0.680072844904582,15.42415047
"938","GMB","2020","national",0.936847383750277,15.42415047
"939","GNB","1991","national",0.0619340933715337,217.9846802
"940","GNB","1993","national",0.155558131569176,217.9846802
"941","GNB","2002","national",0.717975294313011,217.9846802
"942","GNB","2010","national",0.857930354293582,217.9846802
"943","GNB","2018","national",0.965686614284863,217.9846802
"944","GNB","2021","national",1.03036020827239,217.9846802
"945","GNQ","2022","national",1.07063288296442,287.6906738
"946","GRC","1995","national",190.617790462008,0.600590289
"947","GRC","2000","national",241.416730270402,0.600590289
"948","GRC","2002","national",258.619556256422,0.600590289
"949","GRC","2003","national",0.785768220327182,0.600590289
"950","GRC","2004","national",0.80854645544462,0.600590289
"951","GRC","2005","national",0.837210023115201,0.600590289
"952","GRC","2006","national",0.863966788855712,0.600590289
"953","GRC","2007","national",0.888978684844196,0.600590289
"954","GRC","2008","national",0.925896151988359,0.600590289
"955","GRC","2009","national",0.937100166768433,0.600590289
"956","GRC","2010","national",0.981265577456286,0.600590289
"957","GRC","2011","national",1.01394031672527,0.600590289
"958","GRC","2012","national",1.02916486118153,0.600590289
"959","GRC","2013","national",1.01968348136066,0.600590289
"960","GRC","2014","national",1.00630255309324,0.600590289
"961","GRC","2015","national",0.988834315906546,0.600590289
"962","GRC","2016","national",0.980669954521239,0.600590289
"963","GRC","2017","national",0.991665770786686,0.600590289
"964","GRC","2018","national",0.997869802036977,0.600590289
"965","GRC","2019","national",1.00039453655954,0.600590289
"966","GRC","2020","national",0.987909737821098,0.600590289
"967","GRC","2021","national",1,0.600590289
"968","GRC","2022","national",1.09645265965554,0.600590289
"969","GRC","2023","national",1.13444256251421,0.600590289
"970","GRD","2018","national",0.984890594932418,1.850866556
"971","GTM","1986","national",0.064363463546914,3.44300127
"972","GTM","1989","national",0.0840706454485865,3.44300127
"973","GTM","1998","national",0.303504925786804,3.44300127
"974","GTM","2000","national",0.338308596562635,3.44300127
"975","GTM","2006","national",0.520574607164471,3.44300127
"976","GTM","2014","national",0.776722004398814,3.44300127
"977","GTM","2023","national",1.133379391559,3.44300127
"978","GUY","1992","national",0.263581791258292,99.45970917
"979","GUY","1998","national",0.401131389958625,99.45970917
"980","HND","1986","national",0.0382448014236839,11.78213501
"981","HND","1989","national",0.0449907739710813,11.78213501
"982","HND","1990","national",0.0529505291419551,11.78213501
"983","HND","1991","national",0.0735798333473353,11.78213501
"984","HND","1992","national",0.0805949857860525,11.78213501
"985","HND","1993","national",0.0875903214099709,11.78213501
"986","HND","1994","national",0.114461922276921,11.78213501
"987","HND","1995","national",0.138915871738438,11.78213501
"988","HND","1996","national",0.168474970673735,11.78213501
"989","HND","1997","national",0.207310826268509,11.78213501
"990","HND","1998","national",0.235529685369748,11.78213501
"991","HND","1999","national",0.262072176603587,11.78213501
"992","HND","2001","national",0.322862513882941,11.78213501
"993","HND","2002","national",0.345611175329038,11.78213501
"994","HND","2003","national",0.37355063978571,11.78213501
"995","HND","2004","national",0.403166472109783,11.78213501
"996","HND","2005","national",0.439208381258891,11.78213501
"997","HND","2006","national",0.466030267137296,11.78213501
"998","HND","2007","national",0.494249126238535,11.78213501
"999","HND","2008","national",0.549848660507314,11.78213501
"1000","HND","2009","national",0.583655412499887,11.78213501
"1001","HND","2010","national",0.609080325155459,11.78213501
"1002","HND","2011","national",0.656018625442671,11.78213501
"1003","HND","2012","national",0.689825377435241,11.78213501
"1004","HND","2013","national",0.723073340138683,11.78213501
"1005","HND","2014","national",0.768055877913923,11.78213501
"1006","HND","2015","national",0.79487776379233,11.78213501
"1007","HND","2016","national",0.813597204978302,11.78213501
"1008","HND","2017","national",0.846565773037175,11.78213501
"1009","HND","2018","national",0.88037252502975,11.78213501
"1010","HND","2019","national",0.925634457449554,11.78213501
"1011","HND","2023","national",1.15417927670514,11.78213501
"1012","HND","2024","national",1.21117578419675,11.78213501
"1013","HRV","1988","national",1.05545428984484e-05,3.636068441
"1014","HRV","1998","national",0.617686313496572,3.636068441
"1015","HRV","1999","national",0.642512037429971,3.636068441
"1016","HRV","2000","national",0.67214028771869,3.636068441
"1017","HRV","2001","national",0.697524982917692,3.636068441
"1018","HRV","2004","national",0.736554015198012,3.636068441
"1019","HRV","2008","national",0.857131571040689,3.636068441
"1020","HRV","2009","national",0.877518668111623,3.636068441
"1021","HRV","2010","national",0.88656197634491,3.636068441
"1022","HRV","2011","national",0.906711118319959,3.636068441
"1023","HRV","2012","national",0.937648730389842,3.636068441
"1024","HRV","2013","national",0.958432532019435,3.636068441
"1025","HRV","2014","national",0.95637000651096,3.636068441
"1026","HRV","2015","national",0.951927659486393,3.636068441
"1027","HRV","2016","national",0.94121846266398,3.636068441
"1028","HRV","2017","national",0.951848318574661,3.636068441
"1029","HRV","2018","national",0.966127247671212,3.636068441
"1030","HRV","2019","national",0.973584008227105,3.636068441
"1031","HRV","2020","national",0.975091282632078,3.636068441
"1032","HRV","2021","national",1,3.636068441
"1033","HRV","2022","national",0.14703110140179,3.636068441
"1034","HRV","2023","national",0.15870725609611,3.636068441
"1035","HTI","2001","national",0.118920554947844,53.03123474
"1036","HTI","2012","national",0.373277873391003,53.03123474
"1037","HUN","1987","national",0.0401426617692307,165.821228
"1038","HUN","1989","national",0.0544210670749455,165.821228
"1039","HUN","1991","national",0.0941836816839098,165.821228
"1040","HUN","1993","national",0.142626138004762,165.821228
"1041","HUN","1994","national",0.169536953450489,165.821228
"1042","HUN","1998","national",0.362711471614675,165.821228
"1043","HUN","1999","national",0.398974415509297,165.821228
"1044","HUN","2000","national",0.438088319471997,165.821228
"1045","HUN","2001","national",0.478028007414067,165.821228
"1046","HUN","2002","national",0.503198321209092,165.821228
"1047","HUN","2003","national",0.526652445745828,165.821228
"1048","HUN","2004","national",0.562171753827845,165.821228
"1049","HUN","2005","national",0.582193557597155,165.821228
"1050","HUN","2006","national",0.605075676796946,165.821228
"1051","HUN","2007","national",0.653232116012038,165.821228
"1052","HUN","2008","national",0.692703775962863,165.821228
"1053","HUN","2009","national",0.72187841586226,165.821228
"1054","HUN","2010","national",0.756929667078457,165.821228
"1055","HUN","2011","national",0.7866764278131,165.821228
"1056","HUN","2012","national",0.831140501835499,165.821228
"1057","HUN","2013","national",0.845545796462426,165.821228
"1058","HUN","2014","national",0.843621652512735,165.821228
"1059","HUN","2015","national",0.843101621411352,165.821228
"1060","HUN","2016","national",0.846429878209351,165.821228
"1061","HUN","2017","national",0.866306154119085,165.821228
"1062","IDN","1984","national",0.0508900112325222,5353.55957
"1063","IDN","1987","national",0.0616304024488895,5353.55957
"1064","IDN","1990","national",0.0764015723527685,5353.55957
"1065","IDN","1993","national",0.0985811890170076,5353.55957
"1066","IDN","1996","national",0.126405564698191,5353.55957
"1067","IDN","1998","national",0.212761341196545,5353.55957
"1068","IDN","1999","national",0.256330235473417,5353.55957
"1069","IDN","2000","national",0.25946667855691,5353.55957
"1070","IDN","2001","national",0.283127134884628,5353.55957
"1071","IDN","2002","national",0.326939793438889,5353.55957
"1072","IDN","2003","national",0.352813150768141,5353.55957
"1073","IDN","2004","national",0.361414567784511,5353.55957
"1074","IDN","2005","national",0.389657228401018,5353.55957
"1075","IDN","2006","national",0.458775024309283,5353.55957
"1076","IDN","2007","national",0.489772580620149,5353.55957
"1077","IDN","2008","national",0.543349619887268,5353.55957
"1078","IDN","2009","national",0.567575792367961,5353.55957
"1079","IDN","2010","national",0.611702353250978,5353.55957
"1080","IDN","2011","national",0.651388838103773,5353.55957
"1081","IDN","2012","national",0.653023344297158,5353.55957
"1082","IDN","2013","national",0.712435243137096,5353.55957
"1083","IDN","2014","national",0.774624568753261,5353.55957
"1084","IDN","2015","national",0.837784697328579,5353.55957
"1085","IDN","2016","national",0.858257268468714,5353.55957
"1086","IDN","2017","national",0.88316192339618,5353.55957
"1087","IDN","2018","national",0.916917327930217,5353.55957
"1088","IDN","2019","national",0.939941095580191,5353.55957
"1089","IDN","2020","national",0.971704923672442,5353.55957
"1090","IDN","2021","national",0.969399849786713,5353.55957
"1091","IDN","2022","national",1.02588277187971,5353.55957
"1092","IDN","2023","national",1.08496692005433,5353.55957
"1093","IDN","2024","national",1.11430131409515,5353.55957
"1094","IND","1977","national",0.0423470847308636,19.46895027
"1095","IND","1983","national",0.0691015124320984,19.46895027
"1096","IND","1987","national",0.0978158488869667,19.46895027
"1097","IND","1993","national",0.16930216550827,19.46895027
"1098","IND","2004","national",0.335988998413086,19.46895027
"1099","IND","2009","national",0.496169179677963,19.46895027
"1100","IND","2011","national",0.590538024902344,19.46895027
"1101","IND","2015","national",0.772790670394897,19.46895027
"1102","IND","2016","national",0.807706236839294,19.46895027
"1103","IND","2017","national",0.836785316467285,19.46895027
"1104","IND","2018","national",0.865244567394257,19.46895027
"1105","IND","2019","national",0.906564772129059,19.46895027
"1106","IND","2020","national",0.962450265884399,19.46895027
"1107","IND","2021","national",1.01539182662964,19.46895027
"1108","IND","2022","national",1.1019059419632,19.46895027
"1109","IND","2023","national",1.1581529378891,19.46895027
"1110","IRL","1987","national",0.402141120940944,0.980556548
"1111","IRL","1994","national",0.487794411027799,0.980556548
"1112","IRL","1995","national",0.500110512209216,0.980556548
"1113","IRL","1996","national",0.508891196624095,0.980556548
"1114","IRL","2000","national",0.567800416436306,0.980556548
"1115","IRL","2002","national",0.790794590258526,0.980556548
"1116","IRL","2003","national",0.818410833520442,0.980556548
"1117","IRL","2004","national",0.836240276139973,0.980556548
"1118","IRL","2005","national",0.856782955842886,0.980556548
"1119","IRL","2006","national",0.890503894808071,0.980556548
"1120","IRL","2007","national",0.93401163441564,0.980556548
"1121","IRL","2008","national",0.971705394826636,0.980556548
"1122","IRL","2009","national",0.928488371725763,0.980556548
"1123","IRL","2010","national",0.919961225633279,0.980556548
"1124","IRL","2011","national",0.943410859840743,0.980556548
"1125","IRL","2012","national",0.959399214896982,0.980556548
"1126","IRL","2013","national",0.964341044573466,0.980556548
"1127","IRL","2014","national",0.966182132136759,0.980556548
"1128","IRL","2015","national",0.962984461125511,0.980556548
"1129","IRL","2016","national",0.963178248734151,0.980556548
"1130","IRL","2017","national",0.966666636252096,0.980556548
"1131","IRL","2018","national",0.971220890711299,0.980556548
"1132","IRL","2019","national",0.980329469817176,0.980556548
"1133","IRL","2020","national",0.977131798805929,0.980556548
"1134","IRL","2021","national",1,0.980556548
"1135","IRL","2022","national",1.07829454551401,0.980556548
"1136","IRL","2023","national",1.14622092755972,0.980556548
"1137","IRN","1986","national",0.00133850827044023,48021.04297
"1138","IRN","1990","national",0.00291589345638229,48021.04297
"1139","IRN","1994","national",0.00684549104458371,48021.04297
"1140","IRN","1998","national",0.0182703429622623,48021.04297
"1141","IRN","2005","national",0.0489979443565623,48021.04297
"1142","IRN","2006","national",0.0547932699384407,48021.04297
"1143","IRN","2009","national",0.0900911213703678,48021.04297
"1144","IRN","2011","national",0.130211523743324,48021.04297
"1145","IRN","2012","national",0.168559996950976,48021.04297
"1146","IRN","2013","national",0.223872027924443,48021.04297
"1147","IRN","2014","national",0.256512637009702,48021.04297
"1148","IRN","2015","national",0.285036468518687,48021.04297
"1149","IRN","2016","national",0.304576267509776,48021.04297
"1150","IRN","2017","national",0.329665587697687,48021.04297
"1151","IRN","2018","national",0.418181486375247,48021.04297
"1152","IRN","2019","national",0.56355545341676,48021.04297
"1153","IRN","2020","national",0.769258126307191,48021.04297
"1154","IRN","2021","national",1.07855532596337,48021.04297
"1155","IRN","2022","national",1.589071344377,48021.04297
"1156","IRN","2023","national",2.23583041877309,48021.04297
"1157","IRQ","2006","national",0.608557911332615,575.5927734
"1158","IRQ","2012","national",0.883878971237818,575.5927734
"1159","IRQ","2023","national",1.09570808765011,575.5927734
"1160","ISL","2003","national",0.451192767461217,156.3648224
"1161","ISL","2004","national",0.465442315088946,156.3648224
"1162","ISL","2005","national",0.483999736168937,156.3648224
"1163","ISL","2006","national",0.516365178748298,156.3648224
"1164","ISL","2007","national",0.542449658203335,156.3648224
"1165","ISL","2008","national",0.611310336352672,156.3648224
"1166","ISL","2009","national",0.68468669896138,156.3648224
"1167","ISL","2010","national",0.721637417499113,156.3648224
"1168","ISL","2011","national",0.750510346835442,156.3648224
"1169","ISL","2012","national",0.789431044349275,156.3648224
"1170","ISL","2013","national",0.81999999119095,156.3648224
"1171","ISL","2014","national",0.836765871624165,156.3648224
"1172","ISL","2015","national",0.850430690996236,156.3648224
"1173","ISL","2016","national",0.86486189776238,156.3648224
"1174","ISL","2017","national",0.880087075261995,156.3648224
"1175","ISL","2018","national",0.903699074466097,156.3648224
"1176","ISL","2019","national",0.930936273236486,156.3648224
"1177","ISR","1979","national",0.195575774523276,4.012187958
"1178","ISR","1986","national",152.310306389165,4.012187958
"1179","ISR","1992","national",0.397346386089485,4.012187958
"1180","ISR","1997","national",0.660475308555694,4.012187958
"1181","ISR","2001","national",0.748938820010343,4.012187958
"1182","ISR","2002","national",0.792170233286275,4.012187958
"1183","ISR","2003","national",0.797737234949611,4.012187958
"1184","ISR","2004","national",0.794692772178969,4.012187958
"1185","ISR","2005","national",0.805130970185762,4.012187958
"1186","ISR","2006","national",0.821745034454803,4.012187958
"1187","ISR","2007","national",0.825485372433362,4.012187958
"1188","ISR","2008","national",0.863062773436954,4.012187958
"1189","ISR","2009","national",0.89202871000657,4.012187958
"1190","ISR","2010","national",0.916036509511762,4.012187958
"1191","ISR","2011","national",0.947959898243015,4.012187958
"1192","ISR","2012","national",0.963878157192178,4.012187958
"1193","ISR","2013","national",0.979013460436381,4.012187958
"1194","ISR","2014","national",0.98371063556183,4.012187958
"1195","ISR","2015","national",0.977795661350516,4.012187958
"1196","ISR","2016","national",0.97240261101715,4.012187958
"1197","ISR","2017","national",0.974925219797884,4.012187958
"1198","ISR","2018","national",0.982666857693974,4.012187958
"1199","ISR","2019","national",0.991017360188977,4.012187958
"1200","ISR","2020","national",0.984928434647694,4.012187958
"1201","ISR","2021","national",1,4.012187958
"1202","ITA","1977","national",0.126837196606306,0.693248928
"1203","ITA","1978","national",0.142176903583599,0.693248928
"1204","ITA","1979","national",0.163217060367472,0.693248928
"1205","ITA","1980","national",382.607795662696,0.693248928
"1206","ITA","1981","national",451.359736503074,0.693248928
"1207","ITA","1982","national",525.745695971807,0.693248928
"1208","ITA","1983","national",602.749452776343,0.693248928
"1209","ITA","1984","national",667.813223642969,0.693248928
"1210","ITA","1986","national",771.762726385392,0.693248928
"1211","ITA","1987","national",808.400468978152,0.693248928
"1212","ITA","1989","national",902.455563487971,0.693248928
"1213","ITA","1991","national",1020.7688061093,0.693248928
"1214","ITA","1993","national",1124.2868387765,0.693248928
"1215","ITA","1995","national",1231.08729940268,0.693248928
"1216","ITA","1998","national",1332.1216553758,0.693248928
"1217","ITA","2000","national",1388.64830446491,0.693248928
"1218","ITA","2002","national",1462.51264719758,0.693248928
"1219","ITA","2003","national",0.775499191343343,0.693248928
"1220","ITA","2004","national",0.792612463677903,0.693248928
"1221","ITA","2005","national",0.808348135147655,0.693248928
"1222","ITA","2006","national",0.825249421954718,0.693248928
"1223","ITA","2007","national",0.840349340217925,0.693248928
"1224","ITA","2008","national",0.8684828771351,0.693248928
"1225","ITA","2009","national",0.875211570301607,0.693248928
"1226","ITA","2010","national",0.888563065558846,0.693248928
"1227","ITA","2011","national",0.913270734669165,0.693248928
"1228","ITA","2012","national",0.941046601089675,0.693248928
"1229","ITA","2013","national",0.952527308813561,0.693248928
"1230","ITA","2014","national",0.954823355449564,0.693248928
"1231","ITA","2015","national",0.955193770838832,0.693248928
"1232","ITA","2016","national",0.954295730454199,0.693248928
"1233","ITA","2017","national",0.966000490678365,0.693248928
"1234","ITA","2018","national",0.976988621861545,0.693248928
"1235","ITA","2019","national",0.982960417549798,0.693248928
"1236","ITA","2020","national",0.981606815046593,0.693248928
"1237","ITA","2021","national",1,0.693248928
"1238","ITA","2022","national",1.08201290935595,0.693248928
"1239","ITA","2023","national",1.14284577317332,0.693248928
"1240","JAM","1988","national",0.0149131325064287,90.67343903
"1241","JAM","1990","national",0.0240501122495605,90.67343903
"1242","JAM","1993","national",0.0803532759160023,90.67343903
"1243","JAM","1996","national",0.13868425313315,90.67343903
"1244","JAM","1999","national",0.174452711676286,90.67343903
"1245","JAM","2002","national",0.212754507721851,90.67343903
"1246","JAM","2004","national",0.263923313376474,90.67343903
"1247","JAM","2018","national",0.863959870551253,90.67343903
"1248","JAM","2021","national",1,90.67343903
"1249","JOR","1986","national",0.241094097764884,0.344110966
"1250","JOR","1992","national",0.422061538959643,0.344110966
"1251","JOR","1997","national",0.507001421173836,0.344110966
"1252","JOR","2002","national",0.553087721329262,0.344110966
"1253","JOR","2006","national",0.634405612008853,0.344110966
"1254","JOR","2008","national",0.751453937116268,0.344110966
"1255","JOR","2010","national",0.790790511593311,0.344110966
"1256","JPN","2008","national",0.970566244169915,109.2182388
"1257","JPN","2009","national",0.957436094861592,109.2182388
"1258","JPN","2010","national",0.950463596828008,109.2182388
"1259","JPN","2011","national",0.947874027316111,109.2182388
"1260","JPN","2012","national",0.947456343118287,109.2182388
"1261","JPN","2013","national",0.950630670507137,109.2182388
"1262","JPN","2014","national",0.976860730528212,109.2182388
"1263","JPN","2015","national",0.984629511578518,109.2182388
"1264","JPN","2016","national",0.983376458985043,109.2182388
"1265","JPN","2017","national",0.988137986325629,109.2182388
"1266","JPN","2018","national",0.997911579010876,109.2182388
"1267","JPN","2019","national",1.0025895695119,109.2182388
"1268","JPN","2020","national",1.0023389589932,109.2182388
"1269","KAZ","1993","national",0.00170981466657003,142.3610535
"1270","KAZ","1996","national",0.129949809368018,142.3610535
"1271","KAZ","2001","national",0.217111045846962,142.3610535
"1272","KAZ","2002","national",0.229783649112156,142.3610535
"1273","KAZ","2003","national",0.244577612981529,142.3610535
"1274","KAZ","2004","national",0.261409588176616,142.3610535
"1275","KAZ","2005","national",0.281578260970174,142.3610535
"1276","KAZ","2006","national",0.306136674081006,142.3610535
"1277","KAZ","2007","national",0.339342788929426,142.3610535
"1278","KAZ","2008","national",0.397505834449492,142.3610535
"1279","KAZ","2009","national",0.42658765432375,142.3610535
"1280","KAZ","2010","national",0.458157124208357,142.3610535
"1281","KAZ","2011","national",0.496884704930271,142.3610535
"1282","KAZ","2012","national",0.522701274438257,142.3610535
"1283","KAZ","2013","national",0.553764566549147,142.3610535
"1284","KAZ","2014","national",0.591694378102528,142.3610535
"1285","KAZ","2015","national",0.63120945133629,142.3610535
"1286","KAZ","2016","national",0.721858022325233,142.3610535
"1287","KAZ","2017","national",0.775583474660666,142.3610535
"1288","KAZ","2018","national",0.823387825014123,142.3610535
"1289","KAZ","2019","national",0.867303684223367,142.3610535
"1290","KAZ","2020","national",0.925570509994118,142.3610535
"1291","KAZ","2021","national",1,142.3610535
"1292","KEN","1992","national",0.0778625665828402,42.42796707
"1293","KEN","1994","national",0.146414173634488,42.42796707
"1294","KEN","1997","national",0.180196319910187,42.42796707
"1295","KEN","2005","national",0.328804781640461,42.42796707
"1296","KEN","2015","national",0.736816782208115,42.42796707
"1297","KEN","2020","national",0.93876418399854,42.42796707
"1298","KEN","2021","national",1.00102845814653,42.42796707
"1299","KEN","2022","national",1.08574887647807,42.42796707
"1300","KGZ","1998","national",0.162591972972768,24.31611824
"1301","KGZ","2000","national",0.264466749934345,24.31611824
"1302","KGZ","2001","national",0.282767001088378,24.31611824
"1303","KGZ","2002","national",0.288801848298614,24.31611824
"1304","KGZ","2003","national",0.297392616987463,24.31611824
"1305","KGZ","2004","national",0.309617387984873,24.31611824
"1306","KGZ","2005","national",0.32305066477395,24.31611824
"1307","KGZ","2006","national",0.340986846375912,24.31611824
"1308","KGZ","2007","national",0.375870158768759,24.31611824
"1309","KGZ","2008","national",0.468033877785983,24.31611824
"1310","KGZ","2009","national",0.50003134482737,24.31611824
"1311","KGZ","2010","national",0.539872432730953,24.31611824
"1312","KGZ","2011","national",0.629687390334293,24.31611824
"1313","KGZ","2012","national",0.647119892275943,24.31611824
"1314","KGZ","2013","national",0.689918803304742,24.31611824
"1315","KGZ","2014","national",0.741899030279186,24.31611824
"1316","KGZ","2015","national",0.790147080968673,24.31611824
"1317","KGZ","2016","national",0.793219450696934,24.31611824
"1318","KGZ","2017","national",0.818406605265404,24.31611824
"1319","KGZ","2018","national",0.831031856888992,24.31611824
"1320","KGZ","2019","national",0.840452604479188,24.31611824
"1321","KGZ","2020","national",0.893614832125178,24.31611824
"1322","KGZ","2021","national",1,24.31611824
"1323","KGZ","2022","national",1.1392291100112,24.31611824
"1324","KGZ","2023","national",1.26173359219795,24.31611824
"1325","KIR","2006","national",0.764816344637345,0.917105496
"1326","KIR","2019","national",0.962068162258662,0.917105496
"1327","KOR","2006","national",0.742267314153297,943.4208984
"1328","KOR","2008","national",0.796652796545366,943.4208984
"1329","KOR","2010","national",0.842673838446454,943.4208984
"1330","KOR","2012","national",0.895771445294413,943.4208984
"1331","KOR","2014","national",0.918996215708353,943.4208984
"1332","KOR","2016","national",0.934480231766165,943.4208984
"1333","KOR","2017","national",0.952649614916726,943.4208984
"1334","KOR","2018","national",0.966709201533878,943.4208984
"1335","KOR","2019","national",0.970411715141371,943.4208984
"1336","KOR","2020","national",0.975625579502206,943.4208984
"1337","KOR","2021","national",1,943.4208984
"1338","LAO","1992","national",0.0273603368550539,3260.253174
"1339","LAO","1997","national",0.0624671019613743,3260.253174
"1340","LAO","2002","national",0.352365583181381,3260.253174
"1341","LAO","2007","national",0.601221799850464,3260.253174
"1342","LAO","2012","national",0.768960177898407,3260.253174
"1343","LAO","2018","national",0.899895787239075,3260.253174
"1344","LBN","2011","national",0.176792487106386,4792.244141
"1345","LBN","2022","national",4.29157820376615,4792.244141
"1346","LBR","2007","national",0.206717438330693,75.89970398
"1347","LBR","2014","national",0.383440964272064,75.89970398
"1348","LBR","2016","national",0.449651589792428,75.89970398
"1349","LCA","1995","national",0.626504184822265,1.643418074
"1350","LCA","2015","national",0.98115425391095,1.643418074
"1351","LKA","1985","national",0.045625782235351,58.29610825
"1352","LKA","1990","national",0.0869920765366877,58.29610825
"1353","LKA","1995","national",0.144351003100787,58.29610825
"1354","LKA","2002","national",0.258219343887847,58.29610825
"1355","LKA","2006","national",0.3914660217518,58.29610825
"1356","LKA","2009","national",0.549424708325316,58.29610825
"1357","LKA","2012","national",0.672003773038699,58.29610825
"1358","LKA","2016","national",0.772953630867478,58.29610825
"1359","LKA","2019","national",0.880278480103111,58.29610825
"1360","LSO","1986","national",0.0713606624628843,5.817232132
"1361","LSO","1994","national",0.188286537094653,5.817232132
"1362","LSO","2002","national",0.370118885598634,5.817232132
"1363","LSO","2017","national",0.81970881672676,5.817232132
"1364","LTU","1993","national",0.587224288439731,0.48759523
"1365","LTU","1996","national",1.76041263439498,0.48759523
"1366","LTU","1998","national",2.01388840074833,0.48759523
"1367","LTU","1999","national",2.02854045597552,0.48759523
"1368","LTU","2000","national",2.04845293426467,0.48759523
"1369","LTU","2001","national",2.07645769249651,0.48759523
"1370","LTU","2002","national",2.08230309712002,0.48759523
"1371","LTU","2003","national",2.05868328505658,0.48759523
"1372","LTU","2004","national",2.08264841478149,0.48759523
"1373","LTU","2005","national",2.13801539674005,0.48759523
"1374","LTU","2006","national",2.21795832579551,0.48759523
"1375","LTU","2007","national",2.34520641371653,0.48759523
"1376","LTU","2008","national",2.60144115055857,0.48759523
"1377","LTU","2009","national",2.71728430352532,0.48759523
"1378","LTU","2010","national",2.75313117543781,0.48759523
"1379","LTU","2011","national",2.866842979067,0.48759523
"1380","LTU","2012","national",2.95542809173774,0.48759523
"1381","LTU","2013","national",2.98638548401295,0.48759523
"1382","LTU","2014","national",2.98948410088765,0.48759523
"1383","LTU","2015","national",0.858159834585366,0.48759523
"1384","LTU","2016","national",0.865930694266108,0.48759523
"1385","LTU","2017","national",0.898168273461941,0.48759523
"1386","LTU","2018","national",0.922400235013466,0.48759523
"1387","LTU","2019","national",0.943933727078628,0.48759523
"1388","LTU","2020","national",0.955259962354775,0.48759523
"1389","LTU","2021","national",1,0.48759523
"1390","LTU","2022","national",1.19705038390136,0.48759523
"1391","LTU","2023","national",1.30618929424602,0.48759523
"1392","LUX","1985","national",20.2077237106777,0.954369783
"1393","LUX","1986","national",20.2672475686672,0.954369783
"1394","LUX","1987","national",20.2557634585483,0.954369783
"1395","LUX","1988","national",20.5467559072994,0.954369783
"1396","LUX","1989","national",21.2393791718413,0.954369783
"1397","LUX","1990","national",21.930459234832,0.954369783
"1398","LUX","1991","national",22.614329066937,0.954369783
"1399","LUX","1992","national",23.3276245058211,0.954369783
"1400","LUX","1993","national",24.1646425394822,0.954369783
"1401","LUX","1994","national",24.6949993897819,0.954369783
"1402","LUX","1995","national",25.1562265021932,0.954369783
"1403","LUX","1996","national",25.4540398241879,0.954369783
"1404","LUX","1997","national",25.8021281432406,0.954369783
"1405","LUX","1998","national",26.0494595006601,0.954369783
"1406","LUX","1999","national",26.3165174495768,0.954369783
"1407","LUX","2000","national",27.1456888272364,0.954369783
"1408","LUX","2001","national",27.8688022877247,0.954369783
"1409","LUX","2002","national",28.4468263443638,0.954369783
"1410","LUX","2003","national",0.71963161167168,0.954369783
"1411","LUX","2004","national",0.735648314268426,0.954369783
"1412","LUX","2005","national",0.753949021935466,0.954369783
"1413","LUX","2006","national",0.774051652735544,0.954369783
"1414","LUX","2007","national",0.791951277465828,0.954369783
"1415","LUX","2008","national",0.818892519841709,0.954369783
"1416","LUX","2009","national",0.82190641376765,0.954369783
"1417","LUX","2010","national",0.840593902885213,0.954369783
"1418","LUX","2011","national",0.869263893525114,0.954369783
"1419","LUX","2012","national",0.892411009322581,0.954369783
"1420","LUX","2013","national",0.907885794615907,0.954369783
"1421","LUX","2014","national",0.913592215887027,0.954369783
"1422","LUX","2015","national",0.917929478281141,0.954369783
"1423","LUX","2016","national",0.920599110421904,0.954369783
"1424","LUX","2017","national",0.936532825919167,0.954369783
"1425","LUX","2018","national",0.950844893968589,0.954369783
"1426","LUX","2019","national",0.9674211502307,0.954369783
"1427","LUX","2020","national",0.975353601040481,0.954369783
"1428","LUX","2021","national",1,0.954369783
"1429","LUX","2022","national",1.06336007326465,0.954369783
"1430","LUX","2023","national",1.10314469159935,0.954369783
"1431","LVA","1993","national",0.144317876441423,0.548201799
"1432","LVA","1995","national",0.245157350619564,0.548201799
"1433","LVA","1996","national",0.288330702108865,0.548201799
"1434","LVA","1997","national",0.312687106770924,0.548201799
"1435","LVA","1998","national",0.327208959980017,0.548201799
"1436","LVA","2002","national",0.359220959829005,0.548201799
"1437","LVA","2003","national",0.369791560984112,0.548201799
"1438","LVA","2004","national",0.392690473745165,0.548201799
"1439","LVA","2005","national",0.419191011626763,0.548201799
"1440","LVA","2006","national",0.446590165870607,0.548201799
"1441","LVA","2007","national",0.491664399075763,0.548201799
"1442","LVA","2008","national",0.567392134325443,0.548201799
"1443","LVA","2009","national",0.587444357241369,0.548201799
"1444","LVA","2010","national",0.581072737209426,0.548201799
"1445","LVA","2011","national",0.606469887688954,0.548201799
"1446","LVA","2012","national",0.620162681964136,0.548201799
"1447","LVA","2013","national",0.619980032757799,0.548201799
"1448","LVA","2014","national",0.887625811514229,0.548201799
"1449","LVA","2015","national",0.889172387952373,0.548201799
"1450","LVA","2016","national",0.890422870508444,0.548201799
"1451","LVA","2017","national",0.916515528843607,0.548201799
"1452","LVA","2018","national",0.939744138047622,0.548201799
"1453","LVA","2019","national",0.966164240639674,0.548201799
"1454","LVA","2020","national",0.968280737875542,0.548201799
"1455","LVA","2021","national",1,0.548201799
"1456","LVA","2022","national",1.17310276615017,0.548201799
"1457","LVA","2023","national",1.2779553247697,0.548201799
"1458","MAR","1984","national",0.383642709410374,4.09103775
"1459","MAR","1990","national",0.532401093638389,4.09103775
"1460","MAR","1998","national",0.719400783941674,4.09103775
"1461","MAR","2000","national",0.741086026469382,4.09103775
"1462","MAR","2006","national",0.832111193229025,4.09103775
"1463","MAR","2013","national",0.92010531033676,4.09103775
"1464","MDA","1997","national",0.112152217359641,6.332805634
"1465","MDA","1998","national",0.120783189808767,6.332805634
"1466","MDA","1999","national",0.168197815651977,6.332805634
"1467","MDA","2000","national",0.220842571156811,6.332805634
"1468","MDA","2001","national",0.242407096264708,6.332805634
"1469","MDA","2002","national",0.255257677926646,6.332805634
"1470","MDA","2003","national",0.285240460366233,6.332805634
"1471","MDA","2004","national",0.320964751605565,6.332805634
"1472","MDA","2005","national",0.359349544424513,6.332805634
"1473","MDA","2006","national",0.405266335952797,6.332805634
"1474","MDA","2007","national",0.455386289811452,6.332805634
"1475","MDA","2008","national",0.51359853073675,6.332805634
"1476","MDA","2009","national",0.513276411757036,6.332805634
"1477","MDA","2010","national",0.551689257927608,6.332805634
"1478","MDA","2011","national",0.59409898064264,6.332805634
"1479","MDA","2012","national",0.621108739168313,6.332805634
"1480","MDA","2013","national",0.64966654603515,6.332805634
"1481","MDA","2014","national",0.682726694862284,6.332805634
"1482","MDA","2015","national",0.748788949648001,6.332805634
"1483","MDA","2016","national",0.796406746576418,6.332805634
"1484","MDA","2017","national",0.848732539892792,6.332805634
"1485","MDA","2018","national",0.87457689526802,6.332805634
"1486","MDA","2019","national",0.916886989651028,6.332805634
"1487","MDA","2020","national",0.95141673003399,6.332805634
"1488","MDA","2021","national",1,6.332805634
"1489","MDA","2022","national",1.28737297808572,6.332805634
"1490","MDA","2023","national",1.46009996842367,6.332805634
"1491","MDG","1980","national",0.00812289982071362,1131.711182
"1492","MDG","1993","national",0.0629765025633407,1131.711182
"1493","MDG","1997","national",0.146151886452661,1131.711182
"1494","MDG","1999","national",0.167839377634944,1131.711182
"1495","MDG","2001","national",0.109457,1131.711182
"1496","MDG","2005","national",0.169065,1131.711182
"1497","MDG","2010","national",0.268688,1131.711182
"1498","MDG","2012","national",0.324201,1131.711182
"1499","MDG","2021","national",1.06120439630804,1131.711182
"1500","MDV","2002","national",0.547036182007823,10.24868298
"1501","MDV","2009","national",0.717030217042921,10.24868298
"1502","MDV","2016","national",0.97993139726993,10.24868298
"1503","MDV","2019","national",1.01051186782868,10.24868298
"1504","MEX","1984","national",3.58677065971912,10.90580273
"1505","MEX","1989","national",60.8350947659259,10.90580273
"1506","MEX","1992","national",108.643493319869,10.90580273
"1507","MEX","1994","national",0.127118609300303,10.90580273
"1508","MEX","1996","national",0.235032768418742,10.90580273
"1509","MEX","1998","national",0.32350723382772,10.90580273
"1510","MEX","2000","national",0.411476070973154,10.90580273
"1511","MEX","2002","national",0.458936782940093,10.90580273
"1512","MEX","2004","national",0.500502755370536,10.90580273
"1513","MEX","2005","national",0.520268231861192,10.90580273
"1514","MEX","2006","national",0.538299987333235,10.90580273
"1515","MEX","2008","national",0.591213311353129,10.90580273
"1516","MEX","2010","national",0.644094752873215,10.90580273
"1517","MEX","2012","national",0.696575725535205,10.90580273
"1518","MEX","2014","national",0.750559491275203,10.90580273
"1519","MEX","2016","national",0.790979543249805,10.90580273
"1520","MEX","2018","national",0.885065240551949,10.90580273
"1521","MEX","2020","national",0.950019228422331,10.90580273
"1522","MEX","2022","national",1.0903726861447,10.90580273
"1523","MHL","2019","national",0.981268722937225,0.952069402
"1524","MKD","1998","national",0.64090908066323,20.55702782
"1525","MKD","2000","national",0.67451587796618,20.55702782
"1526","MKD","2002","national",0.72600719956129,20.55702782
"1527","MKD","2003","national",0.732218632495531,20.55702782
"1528","MKD","2004","national",0.728933522719771,20.55702782
"1529","MKD","2005","national",0.732764186513655,20.55702782
"1530","MKD","2006","national",0.756312528840268,20.55702782
"1531","MKD","2008","national",0.837776926948507,20.55702782
"1532","MKD","2009","national",0.831580499808885,20.55702782
"1533","MKD","2010","national",0.844137129777905,20.55702782
"1534","MKD","2011","national",0.877098613509659,20.55702782
"1535","MKD","2012","national",0.906183707635599,20.55702782
"1536","MKD","2013","national",0.931420878083715,20.55702782
"1537","MKD","2014","national",0.92879705371205,20.55702782
"1538","MKD","2015","national",0.926011385727171,20.55702782
"1539","MKD","2016","national",0.923795551522525,20.55702782
"1540","MKD","2017","national",0.936281725099639,20.55702782
"1541","MKD","2018","national",0.949935645749899,20.55702782
"1542","MKD","2019","national",0.957216354255254,20.55702782
"1543","MLI","1994","national",0.546275306575004,192.8615112
"1544","MLI","2001","national",0.710874947219418,192.8615112
"1545","MLI","2006","national",0.770770405874505,192.8615112
"1546","MLI","2009","national",0.880056878322085,192.8615112
"1547","MLI","2018","national",0.991130810566503,192.8615112
"1548","MLI","2021","national",1.03484319530865,192.8615112
"1549","MLT","2006","national",0.338633470923423,0.611306906
"1550","MLT","2007","national",0.342863737903454,0.611306906
"1551","MLT","2008","national",0.832669445460676,0.611306906
"1552","MLT","2009","national",0.850025046803519,0.611306906
"1553","MLT","2010","national",0.862908300916886,0.611306906
"1554","MLT","2011","national",0.888476120083244,0.611306906
"1555","MLT","2012","national",0.90958475895587,0.611306906
"1556","MLT","2013","national",0.920320420014717,0.611306906
"1557","MLT","2014","national",0.923176262542905,0.611306906
"1558","MLT","2015","national",0.933336265171026,0.611306906
"1559","MLT","2016","national",0.939334791922585,0.611306906
"1560","MLT","2017","national",0.952150697159622,0.611306906
"1561","MLT","2018","national",0.963174911615298,0.611306906
"1562","MLT","2019","national",0.97899083732692,0.611306906
"1563","MLT","2020","national",0.985242103410085,0.611306906
"1564","MLT","2021","national",1,0.611306906
"1565","MLT","2022","national",1.06153751757045,0.611306906
"1566","MMR","2015","national",0.664841037,499.6977234
"1567","MMR","2017","national",0.775978231,499.6977234
"1568","MNE","2005","national",0.68935741448224,0.403245211
"1569","MNE","2006","national",0.709517729133395,0.403245211
"1570","MNE","2007","national",0.740361357986194,0.403245211
"1571","MNE","2008","national",0.805207551863174,0.403245211
"1572","MNE","2009","national",0.833121863216368,0.403245211
"1573","MNE","2010","national",0.838578393631534,0.403245211
"1574","MNE","2011","national",0.867510538211068,0.403245211
"1575","MNE","2012","national",0.903471035866193,0.403245211
"1576","MNE","2013","national",0.923400580233396,0.403245211
"1577","MNE","2014","national",0.916839717721942,0.403245211
"1578","MNE","2015","national",0.931038711955052,0.403245211
"1579","MNE","2016","national",0.928512010867124,0.403245211
"1580","MNE","2017","national",0.950612792031253,0.403245211
"1581","MNE","2018","national",0.975435408568327,0.403245211
"1582","MNE","2019","national",0.978962284829263,0.403245211
"1583","MNE","2020","national",0.976459511683169,0.403245211
"1584","MNE","2021","national",1,0.403245211
"1585","MNG","1995","national",0.0723041393991235,957.8392944
"1586","MNG","1998","national",0.158603644365202,957.8392944
"1587","MNG","2002","national",0.205761731374268,957.8392944
"1588","MNG","2007","national",0.344809240521276,957.8392944
"1589","MNG","2010","national",0.45844168998888,957.8392944
"1590","MNG","2011","national",0.497002214141292,957.8392944
"1591","MNG","2012","national",0.568224295338971,957.8392944
"1592","MNG","2014","national",0.70476952560351,957.8392944
"1593","MNG","2016","national",0.750657135198327,957.8392944
"1594","MNG","2018","national",0.836376343580557,957.8392944
"1595","MNG","2022","national",1.15147952653808,957.8392944
"1596","MOZ","1996","national",0.141406075257533,23.62321281
"1597","MOZ","2002","national",0.238082029501895,23.62321281
"1598","MOZ","2008","national",0.437632355987492,23.62321281
"1599","MOZ","2014","national",0.616882965771113,23.62321281
"1600","MOZ","2019","national",0.9372436640484,23.62321281
"1601","MOZ","2022","national",1.05643423855763,23.62321281
"1602","MRT","1987","national",0.169543413020485,121.1599827
"1603","MRT","1993","national",0.263139485981209,121.1599827
"1604","MRT","1995","national",0.29972250634466,121.1599827
"1605","MRT","2000","national",0.379935190774673,121.1599827
"1606","MRT","2004","national",0.499912026846877,121.1599827
"1607","MRT","2008","national",0.645623537466647,121.1599827
"1608","MRT","2014","national",0.834859601061188,121.1599827
"1609","MRT","2019","national",0.960495251474938,121.1599827
"1610","MUS","2006","national",0.59767688915857,18.76606941
"1611","MUS","2012","national",0.797962087118115,18.76606941
"1612","MUS","2017","national",0.904224027003554,18.76606941
"1613","MWI","1997","national",0.0215231757611036,282.0942383
"1614","MWI","2004","national",0.0748032182455063,282.0942383
"1615","MWI","2010","national",0.171224564313889,282.0942383
"1616","MWI","2016","national",0.635928094387054,282.0942383
"1617","MWI","2019","national",0.864546477794647,282.0942383
"1618","MYS","1984","national",0.420893628978068,1.554940343
"1619","MYS","1987","national",0.429194268608627,1.554940343
"1620","MYS","1989","national",0.449917874625566,1.554940343
"1621","MYS","1992","national",0.504787433168508,1.554940343
"1622","MYS","1995","national",0.560813697168293,1.554940343
"1623","MYS","1997","national",0.595830627544253,1.554940343
"1624","MYS","2003","national",0.684385894330788,1.554940343
"1625","MYS","2006","national",0.742177602195766,1.554940343
"1626","MYS","2008","national",0.796192516112904,1.554940343
"1627","MYS","2011","national",0.838445388858006,1.554940343
"1628","MYS","2013","national",0.87033652059477,1.554940343
"1629","MYS","2015","national",0.935743807519847,1.554940343
"1630","MYS","2018","national",0.983557465876058,1.554940343
"1631","MYS","2021","national",1.01554200701122,1.554940343
"1632","NAM","1993","national",0.172814214165143,7.239028454
"1633","NAM","2003","national",0.411820261671292,7.239028454
"1634","NAM","2009","national",0.584953812278132,7.239028454
"1635","NAM","2015","national",0.784498906016666,7.239028454
"1636","NER","1992","national",0.390439444232861,210.6578979
"1637","NER","1994","national",0.550341391211391,210.6578979
"1638","NER","2005","national",0.757870135811241,210.6578979
"1639","NER","2007","national",0.785171340263806,210.6578979
"1640","NER","2011","national",0.881285130846329,210.6578979
"1641","NER","2014","national",0.897208120915655,210.6578979
"1642","NER","2018","national",0.958045203165922,210.6578979
"1643","NER","2021","national",1.00507148359081,210.6578979
"1644","NGA","1985","national",0.00273666271215563,155.7235413
"1645","NGA","1992","national",0.0111359328523024,155.7235413
"1646","NGA","1996","national",0.0614063987591626,155.7235413
"1647","NGA","2003","national",0.140724046604103,155.7235413
"1648","NGA","2010","national",0.73106647528748,155.7235413
"1649","NGA","2012","national",0.73106647528748,155.7235413
"1650","NGA","2015","national",0.73106647528748,155.7235413
"1651","NGA","2018","national",0.73106647528748,155.7235413
"1652","NGA","2022","national",1.44879407390779,155.7235413
"1653","NIC","1993","national",0.126073497439706,12.58244896
"1654","NIC","1998","national",0.208140300726659,12.58244896
"1655","NIC","2001","national",0.275693842336501,12.58244896
"1656","NIC","2005","national",0.361099273018459,12.58244896
"1657","NIC","2009","national",0.533475782536559,12.58244896
"1658","NIC","2014","national",0.75241809367655,12.58244896
"1659","NLD","1983","national",1.07725240996807,0.79715842
"1660","NLD","1987","national",1.13102963287233,0.79715842
"1661","NLD","1990","national",1.17996980937989,0.79715842
"1662","NLD","1993","national",1.28844438837081,0.79715842
"1663","NLD","1999","national",1.46380425190178,0.79715842
"1664","NLD","2004","national",0.756205497096843,0.79715842
"1665","NLD","2005","national",0.768971235814967,0.79715842
"1666","NLD","2006","national",0.777441426007154,0.79715842
"1667","NLD","2007","national",0.789988266337429,0.79715842
"1668","NLD","2008","national",0.80963132649891,0.79715842
"1669","NLD","2009","national",0.819264121604701,0.79715842
"1670","NLD","2010","national",0.82971224673811,0.79715842
"1671","NLD","2011","national",0.849136408511742,0.79715842
"1672","NLD","2012","national",0.869987334531683,0.79715842
"1673","NLD","2013","national",0.891797032958324,0.79715842
"1674","NLD","2014","national",0.900501314023347,0.79715842
"1675","NLD","2015","national",0.905906546973518,0.79715842
"1676","NLD","2016","national",0.908775267951124,0.79715842
"1677","NLD","2017","national",0.92132957791985,0.79715842
"1678","NLD","2018","national",0.937024427743402,0.79715842
"1679","NLD","2019","national",0.961702847147649,0.79715842
"1680","NLD","2020","national",0.97394014059632,0.79715842
"1681","NLD","2021","national",1,0.79715842
"1682","NOR","1979","national",0.22302778128466,10.03675175
"1683","NOR","1986","national",0.408441599155992,10.03675175
"1684","NOR","1991","national",0.533414682238756,10.03675175
"1685","NOR","1995","national",0.579929657122958,10.03675175
"1686","NOR","2000","national",0.649917454787144,10.03675175
"1687","NOR","2003","national",0.694924961263243,10.03675175
"1688","NOR","2004","national",0.698083394449916,10.03675175
"1689","NOR","2005","national",0.708778988112739,10.03675175
"1690","NOR","2006","national",0.725288938505723,10.03675175
"1691","NOR","2007","national",0.730457228700775,10.03675175
"1692","NOR","2008","national",0.757878108094466,10.03675175
"1693","NOR","2009","national",0.774531615379373,10.03675175
"1694","NOR","2010","national",0.793266818640076,10.03675175
"1695","NOR","2011","national",0.803459902659712,10.03675175
"1696","NOR","2012","national",0.809058924051989,10.03675175
"1697","NOR","2013","national",0.826214940980082,10.03675175
"1698","NOR","2014","national",0.843083783602874,10.03675175
"1699","NOR","2015","national",0.861388255666352,10.03675175
"1700","NOR","2016","national",0.891967568246717,10.03675175
"1701","NOR","2017","national",0.908692853977585,10.03675175
"1702","NOR","2018","national",0.933816702057596,10.03675175
"1703","NOR","2019","national",0.954059313204946,10.03675175
"1704","NOR","2020","national",0.966334093200378,10.03675175
"1705","NOR","2021","national",1,10.03675175
"1706","NOR","2022","national",1.05764123922279,10.03675175
"1707","NOR","2023","national",1.1160002629052,10.03675175
"1708","NPL","1984","national",0.0669262680244835,33.83321381
"1709","NPL","1995","national",0.208839286664365,33.83321381
"1710","NPL","2003","national",0.312896761061204,33.83321381
"1711","NPL","2010","national",0.4918750853488,33.83321381
"1712","NPL","2022","national",1.10930553817095,33.83321381
"1713","NRU","2012","national",0.744917582905557,1.335140586
"1714","PAK","1987","national",0.0653194520236907,42.52767181
"1715","PAK","1990","national",0.0884314085859326,42.52767181
"1716","PAK","1996","national",0.165761222924098,42.52767181
"1717","PAK","1998","national",0.189404681019853,42.52767181
"1718","PAK","2001","national",0.206495960998439,42.52767181
"1719","PAK","2004","national",0.248056308054444,42.52767181
"1720","PAK","2005","national",0.269785208208909,42.52767181
"1721","PAK","2007","national",0.321812152240726,42.52767181
"1722","PAK","2010","national",0.48911204500093,42.52767181
"1723","PAK","2011","national",0.538496893588755,42.52767181
"1724","PAK","2013","national",0.627992440794856,42.52767181
"1725","PAK","2015","national",0.673998849036632,42.52767181
"1726","PAK","2018","national",0.782042696181823,42.52767181
"1727","PAN","1979","national",0.414561841518572,0.562871397
"1728","PAN","1989","national",0.561320049318448,0.562871397
"1729","PAN","1991","national",0.574045627301164,0.562871397
"1730","PAN","1995","national",0.600797268185102,0.562871397
"1731","PAN","1997","national",0.615845066182317,0.562871397
"1732","PAN","1998","national",0.618074369589311,0.562871397
"1733","PAN","1999","national",0.626434257365542,0.562871397
"1734","PAN","2000","national",0.636466122697019,0.562871397
"1735","PAN","2001","national",0.634794145141773,0.562871397
"1736","PAN","2002","national",0.643154032918004,0.562871397
"1737","PAN","2003","national",0.64490570807005,0.562871397
"1738","PAN","2004","national",0.648123800425689,0.562871397
"1739","PAN","2005","national",0.665476494169747,0.562871397
"1740","PAN","2006","national",0.684140728532341,0.562871397
"1741","PAN","2007","national",0.712458877220416,0.562871397
"1742","PAN","2008","national",0.78067987178714,0.562871397
"1743","PAN","2009","national",0.795482540419543,0.562871397
"1744","PAN","2010","national",0.82251350053089,0.562871397
"1745","PAN","2011","national",0.86692150642809,0.562871397
"1746","PAN","2012","national",0.919052643785686,0.562871397
"1747","PAN","2013","national",0.957024706799238,0.562871397
"1748","PAN","2014","national",0.978263318315296,0.562871397
"1749","PAN","2015","national",0.987486273854888,0.562871397
"1750","PAN","2016","national",0.988439445933898,0.562871397
"1751","PAN","2017","national",0.992252134249943,0.562871397
"1752","PAN","2018","national",1.00519716425498,0.562871397
"1753","PAN","2019","national",1.00252828243375,0.562871397
"1754","PAN","2021","national",1.00322028536311,0.562871397
"1755","PAN","2023","national",1.04443449288745,0.562871397
"1756","PAN","2024","national",1.05269658846831,0.562871397
"1757","PER","1985","national",0.468565700072977,1.91807282
"1758","PER","1994","national",0.368704884073465,1.91807282
"1759","PER","1997","national",0.506431915107045,1.91807282
"1760","PER","1998","national",0.536934815266188,1.91807282
"1761","PER","1999","national",0.557175863708101,1.91807282
"1762","PER","2000","national",0.579468886093782,1.91807282
"1763","PER","2001","national",0.580763020931114,1.91807282
"1764","PER","2002","national",0.589164987381827,1.91807282
"1765","PER","2003","national",0.59783261385141,1.91807282
"1766","PER","2004","national",0.61871696875809,1.91807282
"1767","PER","2005","national",0.628717251743415,1.91807282
"1768","PER","2006","national",0.641305804403406,1.91807282
"1769","PER","2007","national",0.652720958961292,1.91807282
"1770","PER","2008","national",0.690486616941263,1.91807282
"1771","PER","2009","national",0.7107608638562,1.91807282
"1772","PER","2010","national",0.72162359141852,1.91807282
"1773","PER","2011","national",0.745937316217823,1.91807282
"1774","PER","2012","national",0.772874711385248,1.91807282
"1775","PER","2013","national",0.794267080669427,1.91807282
"1776","PER","2014","national",0.821367054760303,1.91807282
"1777","PER","2015","national",0.849277886414535,1.91807282
"1778","PER","2016","national",0.879488166533671,1.91807282
"1779","PER","2017","national",0.905827989186657,1.91807282
"1780","PER","2018","national",0.919498327578748,1.91807282
"1781","PER","2019","national",0.940206522029967,1.91807282
"1782","PER","2020","national",0.959033304509938,1.91807282
"1783","PER","2021","national",1,1.91807282
"1784","PER","2022","national",1.08333708628399,1.91807282
"1785","PER","2023","national",1.1532731106793,1.91807282
"1786","PER","2024","national",1.17642747653176,1.91807282
"1787","PHL","1985","national",0.137378373941542,20.7462368
"1788","PHL","1988","national",0.164653997246399,20.7462368
"1789","PHL","1991","national",0.24725029807082,20.7462368
"1790","PHL","1994","national",0.316458841226319,20.7462368
"1791","PHL","1997","national",0.383666897202791,20.7462368
"1792","PHL","2000","national",0.461395957077802,20.7462368
"1793","PHL","2003","national",0.510901073231946,20.7462368
"1794","PHL","2006","national",0.601886236838478,20.7462368
"1795","PHL","2009","national",0.698539115586432,20.7462368
"1796","PHL","2012","national",0.782159236301519,20.7462368
"1797","PHL","2015","national",0.83683153097005,20.7462368
"1798","PHL","2018","national",0.917769456795384,20.7462368
"1799","PHL","2021","national",1,20.7462368
"1800","PHL","2023","national",1.12147174085085,20.7462368
"1801","PNG","1996","national",0.197407227316001,2.902994394
"1802","PNG","2009","national",0.574388397334985,2.902994394
"1803","POL","1985","national",0.00119431781986206,1.858052254
"1804","POL","1986","national",0.00139197703893536,1.858052254
"1805","POL","1987","national",0.00175916704975228,1.858052254
"1806","POL","1989","national",0.0084377684398991,1.858052254
"1807","POL","1992","national",0.145538728576291,1.858052254
"1808","POL","1993","national",0.199335892810519,1.858052254
"1809","POL","1995","national",0.339198293977385,1.858052254
"1810","POL","1996","national",0.406342490848918,1.858052254
"1811","POL","1998","national",0.521096109310251,1.858052254
"1812","POL","1999","national",0.558375737333392,1.858052254
"1813","POL","2000","national",0.613655925715444,1.858052254
"1814","POL","2001","national",0.646844478116051,1.858052254
"1815","POL","2002","national",0.659168680283351,1.858052254
"1816","POL","2003","national",0.663668851155265,1.858052254
"1817","POL","2004","national",0.686118422393277,1.858052254
"1818","POL","2005","national",0.70110189759247,1.858052254
"1819","POL","2006","national",0.710108888288431,1.858052254
"1820","POL","2007","national",0.727568605642707,1.858052254
"1821","POL","2008","national",0.757871635945737,1.858052254
"1822","POL","2009","national",0.78663586478026,1.858052254
"1823","POL","2010","national",0.806936531627065,1.858052254
"1824","POL","2011","national",0.841145821309042,1.858052254
"1825","POL","2012","national",0.871093748316599,1.858052254
"1826","POL","2013","national",0.879734800387683,1.858052254
"1827","POL","2014","national",0.880208291969771,1.858052254
"1828","POL","2015","national",0.872514161498492,1.858052254
"1829","POL","2016","national",0.866713997355564,1.858052254
"1830","POL","2017","national",0.884706431217421,1.858052254
"1831","POL","2018","national",0.900745735389805,1.858052254
"1832","POL","2019","national",0.920809625663379,1.858052254
"1833","POL","2020","national",0.951882087482849,1.858052254
"1834","POL","2021","national",1,1.858052254
"1835","POL","2022","national",1.14429451262596,1.858052254
"1836","POL","2023","national",1.27621920388525,1.858052254
"1837","PRT","2003","national",0.782502705625678,0.609995663
"1838","PRT","2004","national",0.801011780378324,0.609995663
"1839","PRT","2005","national",0.819252080534024,0.609995663
"1840","PRT","2006","national",0.844711696333475,0.609995663
"1841","PRT","2007","national",0.865440647641884,0.609995663
"1842","PRT","2008","national",0.887842662920079,0.609995663
"1843","PRT","2009","national",0.880424456799115,0.609995663
"1844","PRT","2010","national",0.892773035246458,0.609995663
"1845","PRT","2011","national",0.925386101247377,0.609995663
"1846","PRT","2012","national",0.951050192804565,0.609995663
"1847","PRT","2013","national",0.953660085412562,0.609995663
"1848","PRT","2014","national",0.951007417729329,0.609995663
"1849","PRT","2015","national",0.955647764147499,0.609995663
"1850","PRT","2016","national",0.961452300989133,0.609995663
"1851","PRT","2017","national",0.974610881338876,0.609995663
"1852","PRT","2018","national",0.984295757768291,0.609995663
"1853","PRT","2019","national",0.987624448734515,0.609995663
"1854","PRT","2020","national",0.987501572562977,0.609995663
"1855","PRT","2021","national",1,0.609995663
"1856","PRT","2022","national",1.0783268842642,0.609995663
"1857","PRT","2023","national",1.12481657972814,0.609995663
"1858","PRY","1990","national",0.0880745695578655,2754.507813
"1859","PRY","1995","national",0.206082174643789,2754.507813
"1860","PRY","1997","national",0.24907241908532,2754.507813
"1861","PRY","1999","national",0.286889052447928,2754.507813
"1862","PRY","2001","national",0.328524303511647,2754.507813
"1863","PRY","2002","national",0.386442845958592,2754.507813
"1864","PRY","2003","national",0.411281474323643,2754.507813
"1865","PRY","2004","national",0.434387175128342,2754.507813
"1866","PRY","2005","national",0.48753028697915,2754.507813
"1867","PRY","2006","national",0.545120100558719,2754.507813
"1868","PRY","2007","national",0.583309305343624,2754.507813
"1869","PRY","2008","national",0.615189283925112,2754.507813
"1870","PRY","2009","national",0.629630346928049,2754.507813
"1871","PRY","2010","national",0.665444183175333,2754.507813
"1872","PRY","2011","national",0.706456802103671,2754.507813
"1873","PRY","2012","national",0.73014014542849,2754.507813
"1874","PRY","2013","national",0.761910484034953,2754.507813
"1875","PRY","2014","national",0.788482039960358,2754.507813
"1876","PRY","2015","national",0.813898310845524,2754.507813
"1877","PRY","2016","national",0.843358079371514,2754.507813
"1878","PRY","2017","national",0.884948340819977,2754.507813
"1879","PRY","2018","national",0.921009408065865,2754.507813
"1880","PRY","2019","national",0.943407496783421,2754.507813
"1881","PRY","2020","national",0.959534120660064,2754.507813
"1882","PRY","2021","national",1.03210392810494,2754.507813
"1883","PRY","2022","national",1.0992981942576,2754.507813
"1884","PRY","2023","national",1.14588621879012,2754.507813
"1885","PRY","2024","national",1.19516201396874,2754.507813
"1886","PSE","2004","national",0.685567135519586,2.007351637
"1887","PSE","2005","national",0.713725098050488,2.007351637
"1888","PSE","2006","national",0.741148871159304,2.007351637
"1889","PSE","2007","national",0.754932348098496,2.007351637
"1890","PSE","2009","national",0.852441623472902,2.007351637
"1891","PSE","2010","national",0.884401028688379,2.007351637
"1892","PSE","2011","national",0.909847395749623,2.007351637
"1893","PSE","2016","national",0.981008558728339,2.007351637
"1894","PSE","2023","national",1.07806786390621,2.007351637
"1895","QAT","2017","national",1.00839536463342,2.911948204
"1896","ROU","1989","national",1.66755953433926,1.874802113
"1897","ROU","1992","national",18.0304447302912,1.874802113
"1898","ROU","1994","national",151.616365560434,1.874802113
"1899","ROU","1995","national",0.0200501263386194,1.874802113
"1900","ROU","1997","national",0.0709145568020994,1.874802113
"1901","ROU","1998","national",0.112822639546735,1.874802113
"1902","ROU","1999","national",0.164499676885958,1.874802113
"1903","ROU","2000","national",0.239647130539216,1.874802113
"1904","ROU","2001","national",0.322270298044691,1.874802113
"1905","ROU","2002","national",0.394909673275222,1.874802113
"1906","ROU","2003","national",0.455226152388631,1.874802113
"1907","ROU","2004","national",0.509281353667184,1.874802113
"1908","ROU","2005","national",0.555192646171373,1.874802113
"1909","ROU","2006","national",0.591605003259725,1.874802113
"1910","ROU","2007","national",0.620222891520806,1.874802113
"1911","ROU","2008","national",0.668915354411284,1.874802113
"1912","ROU","2009","national",0.706290479294976,1.874802113
"1913","ROU","2010","national",0.749313582749323,1.874802113
"1914","ROU","2011","national",0.792693243577908,1.874802113
"1915","ROU","2012","national",0.819128968694525,1.874802113
"1916","ROU","2013","national",0.851768860724585,1.874802113
"1917","ROU","2014","national",0.860868419867146,1.874802113
"1918","ROU","2015","national",0.855753533731117,1.874802113
"1919","ROU","2016","national",0.842533870377989,1.874802113
"1920","ROU","2017","national",0.853815592665014,1.874802113
"1921","ROU","2018","national",0.893308680928657,1.874802113
"1922","ROU","2019","national",0.927503201984693,1.874802113
"1923","ROU","2020","national",0.951906487183257,1.874802113
"1924","ROU","2021","national",1,1.874802113
"1925","ROU","2022","national",1.1379548321785,1.874802113
"1926","ROU","2023","national",1.25627013888873,1.874802113
"1927","RUS","1993","national",0.00261899587245126,25.75553131
"1928","RUS","1996","national",0.0469239819109803,25.75553131
"1929","RUS","1997","national",0.0538505837801912,25.75553131
"1930","RUS","1998","national",0.0687594816351509,25.75553131
"1931","RUS","1999","national",0.127718333424154,25.75553131
"1932","RUS","2000","national",0.154282161293147,25.75553131
"1933","RUS","2001","national",0.187417343025221,25.75553131
"1934","RUS","2002","national",0.217008176458559,25.75553131
"1935","RUS","2003","national",0.246658630061668,25.75553131
"1936","RUS","2004","national",0.273516349396543,25.75553131
"1937","RUS","2005","national",0.308212724306539,25.75553131
"1938","RUS","2006","national",0.338012764073728,25.75553131
"1939","RUS","2007","national",0.368458580589938,25.75553131
"1940","RUS","2008","national",0.420450889205366,25.75553131
"1941","RUS","2009","national",0.469422200193968,25.75553131
"1942","RUS","2010","national",0.501574768438016,25.75553131
"1943","RUS","2011","national",0.543910025433857,25.75553131
"1944","RUS","2012","national",0.571512059346483,25.75553131
"1945","RUS","2013","national",0.610110302671473,25.75553131
"1946","RUS","2014","national",0.657841759038387,25.75553131
"1947","RUS","2015","national",0.76003356179313,25.75553131
"1948","RUS","2016","national",0.813558545016825,25.75553131
"1949","RUS","2017","national",0.843524530141019,25.75553131
"1950","RUS","2018","national",0.867803715400403,25.75553131
"1951","RUS","2019","national",0.906597695033724,25.75553131
"1952","RUS","2020","national",0.937255779253222,25.75553131
"1953","RUS","2021","national",1,25.75553131
"1954","RUS","2022","national",1.13749781490123,25.75553131
"1955","RUS","2023","national",1.20415282770781,25.75553131
"1956","RWA","1984","national",0.0661305568014956,291.5976868
"1957","RWA","2000","national",0.286178667830769,291.5976868
"1958","RWA","2005","national",0.417725937492817,291.5976868
"1959","RWA","2010","national",0.587690173295623,291.5976868
"1960","RWA","2013","national",0.723243524269293,291.5976868
"1961","RWA","2016","national",0.866458547597334,291.5976868
"1962","RWA","2023","national",1.37315517211864,291.5976868
"1963","SDN","2009","national",0.0054483365570556,119.2406948
"1964","SDN","2014","national",0.0198489353747401,119.2406948
"1965","SEN","1991","national",0.464247605076424,226.5762787
"1966","SEN","1994","national",0.625896789469124,226.5762787
"1967","SEN","2001","national",0.732856172090463,226.5762787
"1968","SEN","2005","national",0.773692226802896,226.5762787
"1969","SEN","2011","national",0.907004888785185,226.5762787
"1970","SEN","2018","national",0.956164072330549,226.5762787
"1971","SEN","2021","national",1.02422357001297,226.5762787
"1972","SLB","2005","national",0.506805351278473,7.546561718
"1973","SLB","2012","national",0.866182909879102,7.546561718
"1974","SLE","2003","national",0.183779748949873,3170.731934
"1975","SLE","2011","national",0.359335584362134,3170.731934
"1976","SLE","2018","national",0.686305818165314,3170.731934
"1977","SLV","1989","national",1.98210152325168,0.494253486
"1978","SLV","1991","national",2.90940977222985,0.494253486
"1979","SLV","1995","national",4.50914506460506,0.494253486
"1980","SLV","1996","national",4.9505413482593,0.494253486
"1981","SLV","1998","national",5.30458296344812,0.494253486
"1982","SLV","1999","national",5.33189208687523,0.494253486
"1983","SLV","2000","national",5.54375671587883,0.494253486
"1984","SLV","2001","national",5.6227404396319,0.494253486
"1985","SLV","2002","national",5.77966862761498,0.494253486
"1986","SLV","2003","national",5.92516496084431,0.494253486
"1987","SLV","2004","national",0.713545690827857,0.494253486
"1988","SLV","2005","national",0.743951455159865,0.494253486
"1989","SLV","2006","national",0.780256254498995,0.494253486
"1990","SLV","2007","national",0.818144687397085,0.494253486
"1991","SLV","2008","national",0.865139013259186,0.494253486
"1992","SLV","2009","national",0.866271851580395,0.494253486
"1993","SLV","2010","national",0.88205989548431,0.494253486
"1994","SLV","2011","national",0.927267190597161,0.494253486
"1995","SLV","2012","national",0.933306333074069,0.494253486
"1996","SLV","2013","national",0.940380757118447,0.494253486
"1997","SLV","2014","national",0.952459042072262,0.494253486
"1998","SLV","2015","national",0.954960972526976,0.494253486
"1999","SLV","2016","national",0.947128123723364,0.494253486
"2000","SLV","2017","national",0.962942903573377,0.494253486
"2001","SLV","2018","national",0.973373141527471,0.494253486
"2002","SLV","2019","national",0.967758467357272,0.494253486
"2003","SLV","2021","national",1.02598628234641,0.494253486
"2004","SLV","2022","national",1.10113706725041,0.494253486
"2005","SLV","2023","national",1.12431578227225,0.494253486
"2006","SRB","2002","national",0.302401633148226,48.24728394
"2007","SRB","2003","national",0.332267346236364,48.24728394
"2008","SRB","2004","national",0.368904359238086,48.24728394
"2009","SRB","2005","national",0.428371660692769,48.24728394
"2010","SRB","2006","national",0.47859404564003,48.24728394
"2011","SRB","2007","national",0.509184404107968,48.24728394
"2012","SRB","2008","national",0.572379194198347,48.24728394
"2013","SRB","2009","national",0.618838935687372,48.24728394
"2014","SRB","2010","national",0.65685144689532,48.24728394
"2015","SRB","2012","national",0.783519960422135,48.24728394
"2016","SRB","2013","national",0.843806046008066,48.24728394
"2017","SRB","2014","national",0.861377844533798,48.24728394
"2018","SRB","2015","national",0.873371377048727,48.24728394
"2019","SRB","2016","national",0.883173333370752,48.24728394
"2020","SRB","2017","national",0.910826021564564,48.24728394
"2021","SRB","2018","national",0.928676753436353,48.24728394
"2022","SRB","2019","national",0.94585014734456,48.24728394
"2023","SRB","2020","national",0.96075228413636,48.24728394
"2024","SRB","2021","national",1,48.24728394
"2025","SRB","2022","national",1.11981515228478,48.24728394
"2026","SSD","2009","national",0.00437929947628131,158.0521393
"2027","SSD","2016","national",0.0142928715689683,158.0521393
"2028","STP","2000","national",98.7430530637086,10.56940411
"2029","STP","2010","national",422.342277689016,10.56940411
"2030","STP","2017","national",724.688557749207,10.56940411
"2031","SUR","1999","national",28.7295978024457,6.335016727
"2032","SUR","2022","national",1.52446024927836,6.335016727
"2033","SVK","1992","national",7.12999177508244,0.570268869
"2034","SVK","1996","national",11.583244046265,0.570268869
"2035","SVK","2004","national",20.9933207208599,0.570268869
"2036","SVK","2005","national",21.562047165232,0.570268869
"2037","SVK","2006","national",22.5287458554103,0.570268869
"2038","SVK","2007","national",23.1498008106994,0.570268869
"2039","SVK","2008","national",24.2142693469966,0.570268869
"2040","SVK","2009","national",0.816748201297642,0.570268869
"2041","SVK","2010","national",0.82456461740081,0.570268869
"2042","SVK","2011","national",0.856881684740924,0.570268869
"2043","SVK","2012","national",0.887781720372745,0.570268869
"2044","SVK","2013","national",0.900214860381643,0.570268869
"2045","SVK","2014","national",0.899529212053621,0.570268869
"2046","SVK","2015","national",0.89660374144182,0.570268869
"2047","SVK","2016","national",0.891941345393128,0.570268869
"2048","SVK","2017","national",0.903643102021754,0.570268869
"2049","SVK","2018","national",0.926361029860271,0.570268869
"2050","SVK","2019","national",0.951044495487643,0.570268869
"2051","SVK","2020","national",0.969465656058315,0.570268869
"2052","SVK","2021","national",1,0.570268869
"2053","SVK","2022","national",1.12774146094491,0.570268869
"2054","SVK","2023","national",1.24651457381725,0.570268869
"2055","SVN","1987","national",0.0292838012877768,0.600284755
"2056","SVN","1993","national",0.288521724019085,0.600284755
"2057","SVN","1997","national",112.999203609245,0.600284755
"2058","SVN","1998","national",0.50874760918249,0.600284755
"2059","SVN","1999","national",129.420815062613,0.600284755
"2060","SVN","2002","national",164.194068403182,0.600284755
"2061","SVN","2003","national",173.297261570107,0.600284755
"2062","SVN","2004","national",179.523790290027,0.600284755
"2063","SVN","2005","national",183.924805660317,0.600284755
"2064","SVN","2006","national",188.44553927737,0.600284755
"2065","SVN","2007","national",0.815130733693268,0.600284755
"2066","SVN","2008","national",0.861164646681088,0.600284755
"2067","SVN","2009","national",0.868392066659153,0.600284755
"2068","SVN","2010","national",0.884033288569166,0.600284755
"2069","SVN","2011","national",0.899971072244456,0.600284755
"2070","SVN","2012","national",0.92334704585835,0.600284755
"2071","SVN","2013","national",0.9396829655583,0.600284755
"2072","SVN","2014","national",0.941556154074797,0.600284755
"2073","SVN","2015","national",0.93660774752605,0.600284755
"2074","SVN","2016","national",0.936092659465686,0.600284755
"2075","SVN","2017","national",0.949470380615477,0.600284755
"2076","SVN","2018","national",0.96597795137129,0.600284755
"2077","SVN","2019","national",0.981728436428846,0.600284755
"2078","SVN","2020","national",0.981189944472064,0.600284755
"2079","SVN","2021","national",1,0.600284755
"2080","SVN","2022","national",1.08833696161174,0.600284755
"2081","SVN","2023","national",1.1693841153371,0.600284755
"2082","SWE","1981","national",0.326637145963544,8.935531616
"2083","SWE","1987","national",0.486524681915466,8.935531616
"2084","SWE","1992","national",0.677694735810821,8.935531616
"2085","SWE","1995","national",0.742855592442426,8.935531616
"2086","SWE","2000","national",0.759962295912134,8.935531616
"2087","SWE","2001","national",0.778246680568334,8.935531616
"2088","SWE","2002","national",0.795045010969568,8.935531616
"2089","SWE","2003","national",0.810354799151698,8.935531616
"2090","SWE","2004","national",0.813382785991309,8.935531616
"2091","SWE","2005","national",0.817068805724093,8.935531616
"2092","SWE","2006","national",0.828182676009846,8.935531616
"2093","SWE","2007","national",0.846503505978544,8.935531616
"2094","SWE","2008","national",0.875598229295751,8.935531616
"2095","SWE","2009","national",0.871268768243249,8.935531616
"2096","SWE","2010","national",0.881357933515815,8.935531616
"2097","SWE","2011","national",0.907456273862182,8.935531616
"2098","SWE","2012","national",0.915517882847417,8.935531616
"2099","SWE","2013","national",0.915112411935315,8.935531616
"2100","SWE","2014","national",0.913468472821043,8.935531616
"2101","SWE","2015","national",0.913041148169897,8.935531616
"2102","SWE","2016","national",0.922027943602829,8.935531616
"2103","SWE","2017","national",0.938573712022992,8.935531616
"2104","SWE","2018","national",0.95690906632287,8.935531616
"2105","SWE","2019","national",0.973981745201944,8.935531616
"2106","SWE","2020","national",0.97882601310404,8.935531616
"2107","SWE","2021","national",1,8.935531616
"2108","SWE","2022","national",1.08369289458287,8.935531616
"2109","SWE","2023","national",1.1763337858066,8.935531616
"2110","SWZ","1994","national",0.187309591423316,6.189027309
"2111","SWZ","2000","national",0.295344918350057,6.189027309
"2112","SWZ","2009","national",0.538400668187098,6.189027309
"2113","SWZ","2016","national",0.821181806052007,6.189027309
"2114","SYC","1999","national",0.318818731856067,9.831793785
"2115","SYC","2006","national",0.381968509581519,9.831793785
"2116","SYC","2013","national",0.793913003407389,9.831793785
"2117","SYC","2018","national",0.885477036033514,9.831793785
"2118","SYR","1996","national",0.0148850530795621,506.863739
"2119","SYR","2003","national",0.0152802094342209,506.863739
"2120","SYR","2006","national",0.019017557344657,506.863739
"2121","SYR","2009","national",0.022800649604311,506.863739
"2122","SYR","2022","national",2.02413639563577,506.863739
"2123","TCD","2003","national",0.687514738693862,215.8571472
"2124","TCD","2011","national",0.836290264735864,215.8571472
"2125","TCD","2018","national",0.969456329723006,215.8571472
"2126","TCD","2022","national",1.00519244172889,215.8571472
"2127","TGO","2006","national",0.718021304922049,220.6676788
"2128","TGO","2011","national",0.858442311248362,220.6676788
"2129","TGO","2015","national",0.921563726942245,220.6676788
"2130","TGO","2018","national",0.921536282097476,220.6676788
"2131","TGO","2021","national",1.00731512397984,220.6676788
"2132","THA","1981","national",0.320950083706411,11.71212101
"2133","THA","1988","national",0.39239956388245,11.71212101
"2134","THA","1990","national",0.437656993560441,11.71212101
"2135","THA","1992","national",0.481796179132995,11.71212101
"2136","THA","1994","national",0.522879562287978,11.71212101
"2137","THA","1996","national",0.585421374390354,11.71212101
"2138","THA","1998","national",0.667791945864195,11.71212101
"2139","THA","1999","national",0.669693299735791,11.71212101
"2140","THA","2000","national",0.680354584747146,11.71212101
"2141","THA","2002","national",0.696244676789639,11.71212101
"2142","THA","2004","national",0.728364424302085,11.71212101
"2143","THA","2006","national",0.79674625760503,11.71212101
"2144","THA","2007","national",0.814605616204611,11.71212101
"2145","THA","2008","national",0.859152244336421,11.71212101
"2146","THA","2009","national",0.851658025806418,11.71212101
"2147","THA","2010","national",0.879590070440621,11.71212101
"2148","THA","2011","national",0.913091827681358,11.71212101
"2149","THA","2012","national",0.940620623968601,11.71212101
"2150","THA","2013","national",0.961172130002865,11.71212101
"2151","THA","2014","national",0.979387694664298,11.71212101
"2152","THA","2015","national",0.970569044552399,11.71212101
"2153","THA","2016","national",0.97239517103226,11.71212101
"2154","THA","2017","national",0.978867746554421,11.71212101
"2155","THA","2018","national",0.989281875023613,11.71212101
"2156","THA","2019","national",0.9962733920447,11.71212101
"2157","THA","2020","national",0.987845575411367,11.71212101
"2158","THA","2021","national",1,11.71212101
"2159","THA","2022","national",0.983893151066065,11.71212101
"2160","THA","2023","national",1.06730811495524,11.71212101
"2161","TJK","1999","national",0.0577490739524364,3.21827817
"2162","TJK","2003","national",0.13881179690361,3.21827817
"2163","TJK","2004","national",0.14872570335865,3.21827817
"2164","TJK","2007","national",0.346944838762283,3.21827817
"2165","TJK","2009","national",0.444917768239975,3.21827817
"2166","TJK","2015","national",0.663751602172852,3.21827817
"2167","TJK","2021","national",1,3.21827817
"2168","TJK","2022","national",1.0659189,3.21827817
"2169","TJK","2023","national",1.1034428,3.21827817
"2170","TJK","2024","national",1.1418703,3.21827817
"2171","TKM","1998","national",818.344633891655,1.572154284
"2172","TLS","2001","national",0.417823782079371,0.559579313
"2173","TLS","2007","national",0.557740820945932,0.559579313
"2174","TLS","2014","national",0.928287369684253,0.559579313
"2175","TON","2000","national",0.373728102377512,1.735335112
"2176","TON","2009","national",0.712466452478791,1.735335112
"2177","TON","2015","national",0.810483237382508,1.735335112
"2178","TON","2021","national",1,1.735335112
"2179","TTO","1988","national",0.16519945519095,4.061946869
"2180","TTO","1992","national",0.225966518596057,4.061946869
"2181","TUN","1985","national",0.194314483172085,0.873126209
"2182","TUN","1990","national",0.274733832483206,0.873126209
"2183","TUN","1995","national",0.363930170924696,0.873126209
"2184","TUN","2000","national",0.426630968864189,0.873126209
"2185","TUN","2005","national",0.490610914011896,0.873126209
"2186","TUN","2010","national",0.584229410551651,0.873126209
"2187","TUN","2015","national",0.727512344580923,0.873126209
"2188","TUN","2021","national",1.01391839274369,0.873126209
"2189","TUR","1987","national",5.15128944547697e-05,3.023272276
"2190","TUR","1994","national",0.00218992027238587,3.023272276
"2191","TUR","2002","national",0.146427710039816,3.023272276
"2192","TUR","2003","national",0.178059669133101,3.023272276
"2193","TUR","2004","national",0.193369708289451,3.023272276
"2194","TUR","2005","national",0.209185718130112,3.023272276
"2195","TUR","2006","national",0.229261781803969,3.023272276
"2196","TUR","2007","national",0.24933636712976,3.023272276
"2197","TUR","2008","national",0.275377371367238,3.023272276
"2198","TUR","2009","national",0.292591135068859,3.023272276
"2199","TUR","2010","national",0.317655799467368,3.023272276
"2200","TUR","2011","national",0.338214095433233,3.023272276
"2201","TUR","2012","national",0.368286651786891,3.023272276
"2202","TUR","2013","national",0.395882684307835,3.023272276
"2203","TUR","2014","national",0.430936425410603,3.023272276
"2204","TUR","2015","national",0.463992918276531,3.023272276
"2205","TUR","2016","national",0.500068973419593,3.023272276
"2206","TUR","2017","national",0.555798236219275,3.023272276
"2207","TUR","2018","national",0.64657379991097,3.023272276
"2208","TUR","2019","national",0.74470315158603,3.023272276
"2209","TUR","2020","national",0.836144941315883,3.023272276
"2210","TUR","2021","national",1,3.023272276
"2211","TUR","2022","national",1.72308824875179,3.023272276
"2212","TUV","2010","national",0.747132345962631,1.2945261
"2213","TWN","1981","national",0.547,15.7015686
"2214","TWN","1986","national",0.57375,15.7015686
"2215","TWN","1991","national",0.65809,15.7015686
"2216","TWN","1995","national",0.76371,15.7015686
"2217","TWN","1997","national",0.79433,15.7015686
"2218","TWN","2000","national",0.81923,15.7015686
"2219","TWN","2005","national",0.84753,15.7015686
"2220","TWN","2007","national",0.86793,15.7015686
"2221","TWN","2010","national",0.89931,15.7015686
"2222","TWN","2013","national",0.93711,15.7015686
"2223","TWN","2016","national",0.95857,15.7015686
"2224","TWN","2017","national",0.96453,15.7015686
"2225","TWN","2018","national",0.97755,15.7015686
"2226","TWN","2019","national",0.98302,15.7015686
"2227","TWN","2020","national",0.98068,15.7015686
"2228","TWN","2021","national",1,15.7015686
"2229","TZA","1991","national",0.0655154277584082,681.8508911
"2230","TZA","2000","national",0.261957586125799,681.8508911
"2231","TZA","2007","national",0.379293596045933,681.8508911
"2232","TZA","2011","national",0.630535836393055,681.8508911
"2233","TZA","2017","national",0.899983693973309,681.8508911
"2234","UGA","1989","national",0.0597822162668484,1315.2677
"2235","UGA","1992","national",0.15969334799205,1315.2677
"2236","UGA","1996","national",0.24782207536468,1315.2677
"2237","UGA","1999","national",0.284609377244486,1315.2677
"2238","UGA","2002","national",0.302585114215893,1315.2677
"2239","UGA","2005","national",0.367366260815602,1315.2677
"2240","UGA","2009","national",0.525602082637331,1315.2677
"2241","UGA","2012","national",0.72215405048007,1315.2677
"2242","UGA","2016","national",0.874967104804135,1315.2677
"2243","UGA","2019","national",0.967133392379153,1315.2677
"2244","UKR","1992","national",1.32716444701079,8.662703514
"2245","UKR","1993","national",0.641672691656689,8.662703514
"2246","UKR","1995","national",0.0303219197336768,8.662703514
"2247","UKR","1996","national",5.46781538003087,8.662703514
"2248","UKR","1999","national",0.086000617926573,8.662703514
"2249","UKR","2002","national",0.124375660299025,8.662703514
"2250","UKR","2003","national",0.130848748548005,8.662703514
"2251","UKR","2004","national",0.142695507579787,8.662703514
"2252","UKR","2005","national",0.161802481928722,8.662703514
"2253","UKR","2006","national",0.176449692386846,8.662703514
"2254","UKR","2007","national",0.199103668936014,8.662703514
"2255","UKR","2008","national",0.249330479089587,8.662703514
"2256","UKR","2009","national",0.288927131919006,8.662703514
"2257","UKR","2010","national",0.316008083434312,8.662703514
"2258","UKR","2011","national",0.341148822660619,8.662703514
"2259","UKR","2012","national",0.343089034949618,8.662703514
"2260","UKR","2013","national",0.342269215394786,8.662703514
"2261","UKR","2014","national",0.383587455536048,8.662703514
"2262","UKR","2015","national",0.570394060189857,8.662703514
"2263","UKR","2016","national",0.649751310472059,8.662703514
"2264","UKR","2017","national",0.74356452257638,8.662703514
"2265","UKR","2018","national",0.824998661922559,8.662703514
"2266","UKR","2019","national",0.890063943225013,8.662703514
"2267","UKR","2020","national",0.914384838786983,8.662703514
"2268","URY","1981","national",0.000104405883585571,28.00548744
"2269","URY","1989","national",0.00418605941847779,28.00548744
"2270","URY","1992","national",0.0229137823451879,28.00548744
"2271","URY","1995","national",0.0802124175289159,28.00548744
"2272","URY","1996","national",0.108641955649028,28.00548744
"2273","URY","1997","national",0.13507220954224,28.00548744
"2274","URY","1998","national",0.155561328037782,28.00548744
"2275","URY","2000","national",0.176036267212567,28.00548744
"2276","URY","2001","national",0.184926701327933,28.00548744
"2277","URY","2002","national",0.191562623442753,28.00548744
"2278","URY","2003","national",0.241332039303897,28.00548744
"2279","URY","2004","national",0.265833905573999,28.00548744
"2280","URY","2005","national",0.286011079012862,28.00548744
"2281","URY","2006","national",0.300021402741306,28.00548744
"2282","URY","2007","national",0.319163504800308,28.00548744
"2283","URY","2008","national",0.34631360033813,28.00548744
"2284","URY","2009","national",0.37817428027526,28.00548744
"2285","URY","2010","national",0.400485320930159,28.00548744
"2286","URY","2011","national",0.42823494539153,28.00548744
"2287","URY","2012","national",0.465063150695202,28.00548744
"2288","URY","2013","national",0.499835828260993,28.00548744
"2289","URY","2014","national",0.542445205327453,28.00548744
"2290","URY","2015","national",0.587238580615405,28.00548744
"2291","URY","2016","national",0.64265218254907,28.00548744
"2292","URY","2017","national",0.694725551908678,28.00548744
"2293","URY","2018","national",0.7402469266038,28.00548744
"2294","URY","2019","national",0.799172055089673,28.00548744
"2295","URY","2020","national",0.869402586133884,28.00548744
"2296","URY","2021","national",0.951238284198206,28.00548744
"2297","URY","2022","national",1.02695022254343,28.00548744
"2298","URY","2023","national",1.11214356713489,28.00548744
"2299","URY","2024","national",1.16899596804727,28.00548744
"2300","USA","1977","national",0.223671965361659,1
"2301","USA","1978","national",0.240740289370351,1
"2302","USA","1979","national",0.267834324573407,1
"2303","USA","1980","national",0.304123743303826,1
"2304","USA","1981","national",0.335554079062751,1
"2305","USA","1982","national",0.356128314564841,1
"2306","USA","1983","national",0.367568715496898,1
"2307","USA","1984","national",0.383376145416887,1
"2308","USA","1985","national",0.396969286364244,1
"2309","USA","1986","national",0.404503953162134,1
"2310","USA","1987","national",0.419327244417264,1
"2311","USA","1988","national",0.436426342904621,1
"2312","USA","1989","national",0.457492663088007,1
"2313","USA","1990","national",0.482187915935114,1
"2314","USA","1991","national",0.502608386485949,1
"2315","USA","1992","national",0.517831485032982,1
"2316","USA","1993","national",0.533116071141877,1
"2317","USA","1994","national",0.547016803387213,1
"2318","USA","1995","national",0.562362907755703,1
"2319","USA","1996","national",0.578846915740306,1
"2320","USA","1997","national",0.592378538428069,1
"2321","USA","1998","national",0.601573921955431,1
"2322","USA","1999","national",0.614736557876557,1
"2323","USA","2000","national",0.635495286761964,1
"2324","USA","2001","national",0.653455487394988,1
"2325","USA","2002","national",0.663819472272793,1
"2326","USA","2003","national",0.678888805868572,1
"2327","USA","2004","national",0.697064320410181,1
"2328","USA","2005","national",0.720713916332834,1
"2329","USA","2006","national",0.743963766359053,1
"2330","USA","2007","national",0.765186583592049,1
"2331","USA","2008","national",0.794562903249275,1
"2332","USA","2009","national",0.791737852154431,1
"2333","USA","2010","national",0.804722686798323,1
"2334","USA","2011","national",0.83012653544695,1
"2335","USA","2012","national",0.847304619204736,1
"2336","USA","2013","national",0.859716204357764,1
"2337","USA","2014","national",0.87366273762272,1
"2338","USA","2015","national",0.874699154529141,1
"2339","USA","2016","national",0.885734191879381,1
"2340","USA","2017","national",0.904601326375426,1
"2341","USA","2018","national",0.926696941590868,1
"2342","USA","2019","national",0.943490628319384,1
"2343","USA","2020","national",0.955129367312942,1
"2344","USA","2021","national",1,1
"2345","USA","2022","national",1.08002807246409,1
"2346","USA","2023","national",1.12448563643801,1
"2347","UZB","1998","national",0.0449442227342602,2906.581543
"2348","UZB","2000","national",0.0725350551720668,2906.581543
"2349","UZB","2002","national",0.117488095685949,2906.581543
"2350","UZB","2003","national",0.132169698756882,2906.581543
"2351","UZB","2021","national",1,2906.581543
"2352","UZB","2022","national",1.11446637610321,2906.581543
"2353","UZB","2023","national",1.22542926277151,2906.581543
"2354","UZB","2024","national",1.04828448368432,2906.581543
"2355","VEN","1981","national",6.68675703366903e-11,15517657088
"2356","VEN","1987","national",1.38513072232973e-10,15517657088
"2357","VEN","1989","national",3.30800075896201e-10,15517657088
"2358","VEN","1992","national",9.32299074205358e-10,15517657088
"2359","VEN","1995","national",3.64036656278633e-09,15517657088
"2360","VEN","1998","national",1.32262686993136e-08,15517657088
"2361","VEN","1999","national",1.58752636540007e-08,15517657088
"2362","VEN","2001","national",2.02191127715582e-08,15517657088
"2363","VEN","2002","national",2.65306084007087e-08,15517657088
"2364","VEN","2003","national",3.37162157917161e-08,15517657088
"2365","VEN","2004","national",4.01846537867903e-08,15517657088
"2366","VEN","2005","national",4.59545045945426e-08,15517657088
"2367","VEN","2006","national",5.37512620325695e-08,15517657088
"2368","VNM","1992","national",0.178018905327351,7510.822266
"2369","VNM","1997","national",0.272176597772355,7510.822266
"2370","VNM","2002","national",0.284100158599588,7510.822266
"2371","VNM","2004","national",0.304483082483024,7510.822266
"2372","VNM","2006","national",0.363372991258438,7510.822266
"2373","VNM","2008","national",0.441508377235057,7510.822266
"2374","VNM","2010","national",0.558213879189349,7510.822266
"2375","VNM","2012","national",0.734252182989943,7510.822266
"2376","VNM","2014","national",0.82900488012438,7510.822266
"2377","VNM","2016","national",0.843457483679416,7510.822266
"2378","VNM","2018","national",0.910971614510026,7510.822266
"2379","VNM","2020","national",0.994371725335253,7510.822266
"2380","VNM","2022","national",1.00383512440477,7510.822266
"2381","VUT","2010","national",0.791998445379668,120.3515854
"2382","VUT","2019","national",0.938047250984401,120.3515854
"2383","WSM","2002","national",0.539793742275852,1.788847446
"2384","WSM","2008","national",0.782040984949647,1.788847446
"2385","WSM","2013","national",0.90447490242904,1.788847446
"2386","XKX","2003","national",0.72273083289737,0.390215904
"2387","XKX","2005","national",0.7053230192929,0.390215904
"2388","XKX","2006","national",0.709707638786277,0.390215904
"2389","XKX","2009","national",0.790372606857745,0.390215904
"2390","XKX","2010","national",0.817881574901259,0.390215904
"2391","XKX","2011","national",0.877884787222996,0.390215904
"2392","XKX","2012","national",0.899627675187597,0.390215904
"2393","XKX","2013","national",0.915527045402811,0.390215904
"2394","XKX","2014","national",0.919454277205145,0.390215904
"2395","XKX","2015","national",0.914517422914262,0.390215904
"2396","XKX","2016","national",0.917015583379592,0.390215904
"2397","XKX","2017","national",0.930662958810398,0.390215904
"2398","XKX","2018","national",0.940470274417639,0.390215904
"2399","XKX","2019","national",0.965637142925604,0.390215904
"2400","XKX","2020","national",0.967551307292644,0.390215904
"2401","XKX","2021","national",1,0.390215904
"2402","XKX","2022","national",1.11580507222358,0.390215904
"2403","YEM","1998","national",0.0406587954258178,572.0146484
"2404","YEM","2005","national",0.0818965235671876,572.0146484
"2405","YEM","2014","national",0.209534107027481,572.0146484
"2406","ZAF","1993","national",0.21381478590104,7.524514198
"2407","ZAF","2000","national",0.364437861111872,7.524514198
"2408","ZAF","2005","national",0.445796839673626,7.524514198
"2409","ZAF","2008","national",0.547340168494282,7.524514198
"2410","ZAF","2010","national",0.610917770979948,7.524514198
"2411","ZAF","2014","national",0.760067617410598,7.524514198
"2412","ZMB","1991","national",0.00142963599514371,6.189584732
"2413","ZMB","1993","national",10.7619941545435,6.189584732
"2414","ZMB","1996","national",0.0321196717725581,6.189584732
"2415","ZMB","1998","national",0.0497371906041121,6.189584732
"2416","ZMB","2002","national",0.138876856232824,6.189584732
"2417","ZMB","2004","national",0.189626875724978,6.189584732
"2418","ZMB","2006","national",0.229473837667342,6.189584732
"2419","ZMB","2010","national",0.333534599532514,6.189584732
"2420","ZMB","2015","national",0.480430136267938,6.189584732
"2421","ZMB","2022","national",1.10993205942551,6.189584732
"2422","ZWE","2011","national",0.713404278482668,0.644237995
"2423","ZWE","2017","national",0.655781598073874,0.644237995
"2424","ZWE","2019","national",0.655781598073874,0.644237995
