code,year,data_level,cpi,ppp2021
AGO,2000,national,0.006580984962796514,203.688736
AGO,2008,national,0.1406364504487321,203.688736
AGO,2018,national,0.5716060305278444,203.688736
ALB,1996,national,0.372476609889224,50.77230453
ALB,2002,national,0.6539547854126867,50.77230453
ALB,2005,national,0.7027199688912623,50.77230453
ALB,2008,national,0.7643802976429334,50.77230453
ALB,2012,national,0.8548523629717769,50.77230453
ALB,2014,national,0.8855842310046258,50.77230453
ALB,2015,national,0.9023764353784515,50.77230453
ALB,2016,national,0.9138856671077075,50.77230453
ALB,2017,national,0.9320414744439088,50.77230453
ALB,2018,national,0.9509437901277593,50.77230453
ALB,2019,national,0.9643624615381954,50.77230453
ALB,2020,national,0.9799937122477613,50.77230453
ARE,2013,national,0.9228290194159912,2.727601767
ARE,2018,national,1.0394744115666072,2.727601767
ARG,1980,national,0.012632220455265023,42.98624039
ARG,1986,national,0.003237793431530178,42.98624039
ARG,1987,national,0.007490139479175945,42.98624039
ARG,1991,national,75.6890040888488,42.98624039
ARG,1992,national,0.008930437792496334,42.98624039
ARG,1993,national,0.009722700907848238,42.98624039
ARG,1994,national,0.010081783859509478,42.98624039
ARG,1995,national,0.01030047224979156,42.98624039
ARG,1996,national,0.010321554723812826,42.98624039
ARG,1997,national,0.010380481662792825,42.98624039
ARG,1998,national,0.010495305639740405,42.98624039
ARG,1999,national,0.01028230100256925,42.98624039
ARG,2000,national,0.010210462309164744,42.98624039
ARG,2001,national,0.010094974498335619,42.98624039
ARG,2002,national,0.013980291108795012,42.98624039
ARG,2003,national,0.014530157692870757,42.98624039
ARG,2004,national,0.015338319197019262,42.98624039
ARG,2005,national,0.016989969540759906,42.98624039
ARG,2006,national,0.018748284514796838,42.98624039
ARG,2007,national,0.022953762148995697,42.98624039
ARG,2008,national,0.02880711702866099,42.98624039
ARG,2009,national,0.03283107429451977,42.98624039
ARG,2010,national,0.04090078285106348,42.98624039
ARG,2011,national,0.04976585538126164,42.98624039
ARG,2012,national,0.062377050547999545,42.98624039
ARG,2013,national,0.07902740761971996,42.98624039
ARG,2014,national,0.11091442904063702,42.98624039
ARG,2016,national,0.1966193953254512,42.98624039
ARG,2017,national,0.24186265950368102,42.98624039
ARG,2018,national,0.3423604930821795,42.98624039
ARG,2019,national,0.5240793539337844,42.98624039
ARG,2020,national,0.7231423798781192,42.98624039
ARG,2021,national,1.0965290039461233,42.98624039
ARG,2022,national,2.029257402596794,42.98624039
ARG,2023,national,5.100625352976668,42.98624039
ARG,2024,national,14.647639550906396,42.98624039
ARM,1996,national,0.375090825208472,164.2264862
ARM,1999,national,0.46753871933216673,164.2264862
ARM,2001,national,0.47843306221607085,164.2264862
ARM,2002,national,0.48350468305826894,164.2264862
ARM,2003,national,0.5063336189434299,164.2264862
ARM,2004,national,0.5415626389327612,164.2264862
ARM,2005,national,0.5450348759000719,164.2264862
ARM,2006,national,0.5607773494533719,164.2264862
ARM,2007,national,0.5855223664936129,164.2264862
ARM,2008,national,0.6379263748783326,164.2264862
ARM,2009,national,0.6596545195810601,164.2264862
ARM,2010,national,0.7136005829364137,164.2264862
ARM,2011,national,0.768191092863134,164.2264862
ARM,2012,national,0.7878415683881562,164.2264862
ARM,2013,national,0.8334549598975332,164.2264862
ARM,2014,national,0.858302820527646,164.2264862
ARM,2015,national,0.8903320383425294,164.2264862
ARM,2016,national,0.8778352627531224,164.2264862
ARM,2017,national,0.8863463456335138,164.2264862
ARM,2018,national,0.9086843653461636,164.2264862
ARM,2019,national,0.9218007613147821,164.2264862
ARM,2020,national,0.9329677567651645,164.2264862
ARM,2021,national,1,164.2264862
ARM,2022,national,1.08640908621211,164.2264862
ARM,2023,national,1.1079245749794013,164.2264862
AUS,1981,national,0.2415742097550767,1.509871364
AUS,1985,national,0.32844881724932046,1.509871364
AUS,1989,national,0.44818924010885586,1.509871364
AUS,1995,national,0.5442746493615253,1.509871364
AUS,2001,national,0.6248691647477511,1.509871364
AUS,2003,national,0.6610843625706528,1.509871364
AUS,2004,national,0.6765752564370957,1.509871364
AUS,2008,national,0.7682646012141532,1.509871364
AUS,2010,national,0.804689135440655,1.509871364
AUS,2014,national,0.8882143604772869,1.509871364
AUS,2016,national,0.9131253925057562,1.509871364
AUS,2018,national,0.9487125811178587,1.509871364
AUS,2020,national,0.9721582583211253,1.509871364
AUT,1994,national,8.43149097129401,0.753840148
AUT,1995,national,8.620639722187745,0.753840148
AUT,1996,national,8.78106755087639,0.753840148
AUT,1997,national,8.895746401168045,0.753840148
AUT,1998,national,8.97780727624613,0.753840148
AUT,1999,national,9.028889737834099,0.753840148
AUT,2000,national,9.240604866639412,0.753840148
AUT,2003,national,0.711345271950997,0.753840148
AUT,2004,national,0.7260075647096909,0.753840148
AUT,2005,national,0.7426995105497983,0.753840148
AUT,2006,national,0.7534058344121408,0.753840148
AUT,2007,national,0.7697438532159259,0.753840148
AUT,2008,national,0.794498462873668,0.753840148
AUT,2009,national,0.798521048951409,0.753840148
AUT,2010,national,0.8130025325073547,0.753840148
AUT,2011,national,0.8397225350976094,0.753840148
AUT,2012,national,0.8605952983280515,0.753840148
AUT,2013,national,0.8778085205111759,0.753840148
AUT,2014,national,0.8919045052008853,0.753840148
AUT,2015,national,0.8999009860273254,0.753840148
AUT,2016,national,0.9079243866458726,0.753840148
AUT,2017,national,0.9268207781345786,0.753840148
AUT,2018,national,0.9453421533489058,0.753840148
AUT,2019,national,0.9598143948564093,0.753840148
AUT,2020,national,0.9730781609961117,0.753840148
AUT,2021,national,1,0.753840148
AUT,2022,national,1.0854686652069192,0.753840148
AUT,2023,national,1.170288588234922,0.753840148
AZE,1995,national,1238.9717706080364,0.482756495
AZE,2001,national,1443.9114527369647,0.482756495
AZE,2002,national,1483.9246559514565,0.482756495
AZE,2003,national,1517.073461095155,0.482756495
AZE,2004,national,1618.852935465584,0.482756495
AZE,2005,national,1774.433423425438,0.482756495
BDI,1992,national,0.054891602875091476,657.4093018
BDI,1998,national,0.15644579085072854,657.4093018
BDI,2006,national,0.2972374420722852,657.4093018
BDI,2013,national,0.6742458675223312,657.4093018
BDI,2020,national,0.9340999905438908,657.4093018
BEL,1985,national,19.980463183961735,0.778574407
BEL,1988,national,20.792085710950783,0.778574407
BEL,1992,national,23.446199577639316,0.778574407
BEL,1995,national,25.02687629533634,0.778574407
BEL,1997,national,25.96263100418832,0.778574407
BEL,2000,national,27.17721646468084,0.778574407
BEL,2003,national,0.7128466874141427,0.778574407
BEL,2004,national,0.7277971042543311,0.778574407
BEL,2005,national,0.7480402548759189,0.778574407
BEL,2006,national,0.7614392508839267,0.778574407
BEL,2007,national,0.7753206670579307,0.778574407
BEL,2008,national,0.8101282731359198,0.778574407
BEL,2009,national,0.8096977437545938,0.778574407
BEL,2010,national,0.8274244438295828,0.778574407
BEL,2011,national,0.8566497503971192,0.778574407
BEL,2012,national,0.8809757336091246,0.778574407
BEL,2013,national,0.8907818293622679,0.778574407
BEL,2014,national,0.8938104962431893,0.778574407
BEL,2015,national,0.898828625507174,0.778574407
BEL,2016,national,0.9165701605388511,0.778574407
BEL,2017,national,0.9360562233495527,0.778574407
BEL,2018,national,0.9552749413024952,0.778574407
BEL,2019,national,0.9690005588675384,0.778574407
BEL,2020,national,0.9761788472077109,0.778574407
BEL,2021,national,1,0.778574407
BEL,2022,national,1.095975162621111,0.778574407
BEL,2023,national,1.1403512526353352,0.778574407
BEN,2003,national,0.7082242613876634,219.0110931
BEN,2011,national,0.9047430570019543,219.0110931
BEN,2015,national,0.9456473916354768,219.0110931
BEN,2018,national,0.9520752096698175,219.0110931
BEN,2021,national,1.0101989415924963,219.0110931
BFA,1994,national,0.5515717929156171,192.5042419
BFA,1998,national,0.6637733270547599,192.5042419
BFA,2003,national,0.7166846865634684,192.5042419
BFA,2009,national,0.8805919877785164,192.5042419
BFA,2014,national,0.9348218877042522,192.5042419
BFA,2018,national,0.9938093657336393,192.5042419
BFA,2021,national,1.0268776799816561,192.5042419
BGD,1983,national,0.09699906408786774,29.21487999
BGD,1985,national,0.11801010370254517,29.21487999
BGD,1988,national,0.15052206814289093,29.21487999
BGD,1991,national,0.178062304854393,29.21487999
BGD,1995,national,0.20667946338653564,29.21487999
BGD,2000,national,0.22966532409191132,29.21487999
BGD,2005,national,0.2890622019767761,29.21487999
BGD,2010,national,0.5370767116546631,29.21487999
BGD,2016,national,0.7609828114509583,29.21487999
BGD,2022,national,1.0769696235656738,29.21487999
BGR,1989,national,0.23744773916049997,0.744887412
BGR,1992,national,2.465574694696109,0.744887412
BGR,1994,national,8.3568567587472309,0.744887412
BGR,1995,national,0.013543433783895319,0.744887412
BGR,1997,national,0.3476657862825144,0.744887412
BGR,2001,national,0.5012219139466817,0.744887412
BGR,2003,national,0.5427994946256357,0.744887412
BGR,2006,national,0.6491451808491051,0.744887412
BGR,2007,national,0.7036898677519094,0.744887412
BGR,2008,national,0.7905865136152679,0.744887412
BGR,2009,national,0.81235297478842206,0.744887412
BGR,2010,national,0.8321661894391995,0.744887412
BGR,2011,national,0.8672827874316698,0.744887412
BGR,2012,national,0.892907235868882,0.744887412
BGR,2013,national,0.9008549461293784,0.744887412
BGR,2014,national,0.8880791964801563,0.744887412
BGR,2015,national,0.887149967937933,0.744887412
BGR,2016,national,0.8800647590265829,0.744887412
BGR,2017,national,0.8982081431301465,0.744887412
BGR,2018,national,0.9234886068555682,0.744887412
BGR,2019,national,0.9521512059781471,0.744887412
BGR,2020,national,0.9680753236364097,0.744887412
BGR,2021,national,1,0.744887412
BGR,2022,national,1.153252617343991,0.744887412
BGR,2023,national,1.2621524122737402,0.744887412
BIH,2001,national,0.7669161852848949,0.749401927
BIH,2004,national,0.7757008973610802,0.749401927
BIH,2007,national,0.8655069430254227,0.749401927
BIH,2011,national,0.9794149414065667,0.749401927
BLR,1993,national,3.1797039676665547e-6,7395.862341
BLR,1995,national,5.973091772869588e-4,7395.862341
BLR,1998,national,0.0025850529602746398,7395.862341
BLR,1999,national,0.010176804702275184,7395.862341
BLR,2000,national,0.02733695510406926,7395.862341
BLR,2001,national,0.04404938527439578,7395.862341
BLR,2002,national,0.0627869168961153,7395.862341
BLR,2003,national,0.0806170420880904,7395.862341
BLR,2004,national,0.09521537220356541,7395.862341
BLR,2005,national,0.10503064768431636,7395.862341
BLR,2006,national,0.11237977459125856,7395.862341
BLR,2007,national,0.12184975341761912,7395.862341
BLR,2008,national,0.13992966836971707,7395.862341
BLR,2009,national,0.1580444760745357,7395.862341
BLR,2010,national,0.17027039778881276,7395.862341
BLR,2011,national,0.2609031148549906,7395.862341
BLR,2012,national,0.41540923716908007,7395.862341
BLR,2013,national,0.4914800887351541,7395.862341
BLR,2014,national,0.5805340841138259,7395.862341
BLR,2015,national,0.6591063797150423,7395.862341
BLR,2016,national,0.737122054069581,7395.862341
BLR,2017,national,0.781584046794429,7395.862341
BLR,2018,national,0.8196652124815351,7395.862341
BLR,2019,national,0.8655513387489241,7395.862341
BLR,2020,national,0.9135733275745136,7395.862341
BLZ,1993,national,0.6349660845447829,1.116538644
BLZ,1994,national,0.6512805414853053,1.116538644
BLZ,1995,national,0.6701000471991401,1.116538644
BLZ,1996,national,0.7100716555705493,1.116538644
BLZ,1997,national,0.7182306456499724,1.116538644
BLZ,1998,national,0.733997693680134,1.116538644
BLZ,1999,national,0.7532386743267483,1.116538644
BLZ,2018,national,0.9660377078613915,1.116538644
BOL,1990,national,0.19335255106598825,2.447832346
BOL,1992,national,0.2437636636789018,2.447832346
BOL,1997,national,0.3651699409759452,2.447832346
BOL,1999,national,0.40248698565664937,2.447832346
BOL,2000,national,0.41804041657304486,2.447832346
BOL,2001,national,0.4225721716242247,2.447832346
BOL,2002,national,0.43219515765882915,2.447832346
BOL,2004,national,0.46570776600027086,2.447832346
BOL,2005,national,0.49139223343300326,2.447832346
BOL,2006,national,0.5108806079452429,2.447832346
BOL,2007,national,0.5687753400328225,2.447832346
BOL,2008,national,0.6444472722852255,2.447832346
BOL,2009,national,0.649485730085951,2.447832346
BOL,2011,national,0.7385618613931135,2.447832346
BOL,2012,national,0.770503782544879,2.447832346
BOL,2013,national,0.828303449390937,2.447832346
BOL,2014,national,0.8584391309537697,2.447832346
BOL,2015,national,0.895609640389303,2.447832346
BOL,2016,national,0.9269811700919363,2.447832346
BOL,2017,national,0.9555958077903958,2.447832346
BOL,2018,national,0.9699506592603832,2.447832346
BOL,2019,national,1.003020934164185,2.447832346
BOL,2020,national,0.9920057952937522,2.447832346
BOL,2021,national,1.0015366259675305,2.447832346
BOL,2022,national,1.0332920070099083,2.447832346
BOL,2023,national,1.0498054621398036,2.447832346
BRA,1981,national,0.001195875145396244,2.449863195
BRA,1982,national,0.002420563148191564,2.449863195
BRA,1983,national,0.005963034599373462,2.449863195
BRA,1984,national,0.0174744270404205,2.449863195
BRA,1985,national,0.056342537544208954,2.449863195
BRA,1986,national,0.0012240269020220421,2.449863195
BRA,1987,national,0.004658081601409299,2.449863195
BRA,1988,national,0.03554072566464506,2.449863195
BRA,1989,national,0.48684574575451545,2.449863195
BRA,1990,national,16.575665021993633,2.449863195
BRA,1992,national,953.0237165135852,2.449863195
BRA,1993,national,18.995006006728534,2.449863195
BRA,1995,national,0.2042939091932665,2.449863195
BRA,1996,national,0.2313882735044566,2.449863195
BRA,1997,national,0.2441118144396989,2.449863195
BRA,1998,national,0.24964222205052639,2.449863195
BRA,1999,national,0.2652519390954217,2.449863195
BRA,2001,national,0.30432170356670035,2.449863195
BRA,2002,national,0.3284578231614569,2.449863195
BRA,2003,national,0.3781971732747226,2.449863195
BRA,2004,national,0.4035533114271265,2.449863195
BRA,2005,national,0.4279142164382705,2.449863195
BRA,2006,national,0.4437349915458816,2.449863195
BRA,2007,national,0.462133077305513,2.449863195
BRA,2008,national,0.4910188612709708,2.449863195
BRA,2009,national,0.5123443052012729,2.449863195
BRA,2011,national,0.5756651558543122,2.449863195
BRA,2012,national,0.6006845591852126,2.449863195
BRA,2013,national,0.6379528608501983,2.449863195
BRA,2014,national,0.6783291885918273,2.449863195
BRA,2015,national,0.7395816072637791,2.449863195
BRA,2016,national,0.8042147030464503,2.449863195
BRA,2017,national,0.8319310037537528,2.449863195
BRA,2018,national,0.862419970173518,2.449863195
BRA,2019,national,0.8946139127621071,2.449863195
BRA,2020,national,0.9233468548457595,2.449863195
BRA,2021,national,1,2.449863195
BRA,2022,national,1.092801001522638,2.449863195
BRA,2023,national,1.142999534858233,2.449863195
BRB,2016,national,0.81039985,2.637300014
BTN,2003,national,0.35084207415694,21.36116028
BTN,2007,national,0.428846214451217,21.36116028
BTN,2012,national,0.6265302215035267,21.36116028
BTN,2017,national,0.8357419328478602,21.36116028
BTN,2022,national,1.0497130070074923,21.36116028
BWA,1985,national,0.06455575869800634,5.098423958
BWA,1993,national,0.15259703416165607,5.098423958
BWA,2002,national,0.3248792133246728,5.098423958
BWA,2009,national,0.5813430139226855,5.098423958
BWA,2015,national,0.8315065090804461,5.098423958
CAF,1992,national,0.29351525485509894,276.3265381
CAF,2008,national,0.5913359741649125,276.3265381
CAF,2021,national,1.0177899261940306,276.3265381
CAN,1977,national,0.23739186248152996,1.248244643
CAN,1979,national,0.28235155665066913,1.248244643
CAN,1981,national,0.3497322398707081,1.248244643
CAN,1982,national,0.3873948242077445,1.248244643
CAN,1984,national,0.4277643761060981,1.248244643
CAN,1985,national,0.44471254062647536,1.248244643
CAN,1986,national,0.4633672743810934,1.248244643
CAN,1987,national,0.4835520660173793,1.248244643
CAN,1988,national,0.5030306553722828,1.248244643
CAN,1989,national,0.5280998166992665,1.248244643
CAN,1990,national,0.5533455207530416,1.248244643
CAN,1991,national,0.5844759614503724,1.248244643
CAN,1992,national,0.593185444471022,1.248244643
CAN,1993,national,0.6042488095994065,1.248244643
CAN,1994,national,0.6052492079264828,1.248244643
CAN,1995,national,0.6182545744237874,1.248244643
CAN,1996,national,0.6279644557715134,1.248244643
CAN,1997,national,0.6381451386401611,1.248244643
CAN,1998,national,0.6445006768046387,1.248244643
CAN,1999,national,0.6556817580003629,1.248244643
CAN,2000,national,0.6735126047804771,1.248244643
CAN,2001,national,0.6905196273345242,1.248244643
CAN,2002,national,0.706114308074243,1.248244643
CAN,2003,national,0.7255928660549279,1.248244643
CAN,2004,national,0.7390690340731542,1.248244643
CAN,2005,national,0.75542868100527,1.248244643
CAN,2006,national,0.7705525602240672,1.248244643
CAN,2007,national,0.7870299859719594,1.248244643
CAN,2008,national,0.8056847197265775,1.248244643
CAN,2009,national,0.8080974598679823,1.248244643
CAN,2010,national,0.8224563101459453,1.248244643
CAN,2011,national,0.8464073257042948,1.248244643
CAN,2012,national,0.8592361808490265,1.248244643
CAN,2013,national,0.8672982882477449,1.248244643
CAN,2014,national,0.8838345092808703,1.248244643
CAN,2015,national,0.8937798227632755,1.248244643
CAN,2016,national,0.9065497571259008,1.248244643
CAN,2017,national,0.9210263234712034,1.248244643
CAN,2018,national,0.9419172860146535,1.248244643
CAN,2019,national,0.9602777923493593,1.248244643
CAN,2020,national,0.9671629273199916,1.248244643
CAN,2021,national,1,1.248244643
CHE,1982,national,0.613831385943223,1.245627522
CHE,1992,national,0.8388267288320963,1.245627522
CHE,2000,national,0.9230395788052665,1.245627522
CHE,2002,national,0.9381597813955491,1.245627522
CHE,2004,national,0.9517284579155653,1.245627522
CHE,2006,national,0.973084085206367,1.245627522
CHE,2007,national,0.9802104822341667,1.245627522
CHE,2008,national,1.003990800756774,1.245627522
CHE,2009,national,0.9991668242063549,1.245627522
CHE,2010,national,1.006043460383623,1.245627522
CHE,2011,national,1.0083709029990722,1.245627522
CHE,2012,national,1.001387423827354,1.245627522
CHE,2013,national,0.9992111886106596,1.245627522
CHE,2014,national,0.9990792467231169,1.245627522
CHE,2015,national,0.9876507305581632,1.245627522
CHE,2016,national,0.983358205799103,1.245627522
CHE,2017,national,0.9886072516765791,1.245627522
CHE,2018,national,0.9978639076612491,1.245627522
CHE,2019,national,1.0014850562188342,1.245627522
CHE,2020,national,0.9942155110698784,1.245627522
CHE,2021,national,1,1.245627522
CHE,2022,national,1.028350312696133,1.245627522
CHL,1987,national,0.12478857991644256,474.3409729
CHL,1990,national,0.2348001043421527,474.3409729
CHL,1992,national,0.31539669902692685,474.3409729
CHL,1994,national,0.3848350656990799,474.3409729
CHL,1996,national,0.44363964370829573,474.3409729
CHL,1998,national,0.49169003717893767,474.3409729
CHL,2000,national,0.5278943299719274,474.3409729
CHL,2003,national,0.5655519989197675,474.3409729
CHL,2006,national,0.6133399911229936,474.3409729
CHL,2009,national,0.6932567940122183,474.3409729
CHL,2011,national,0.7382646039288531,474.3409729
CHL,2013,national,0.7718592298609238,474.3409729
CHL,2015,national,0.8480373140690486,474.3409729
CHL,2017,national,0.8896220131957765,474.3409729
CHL,2020,national,0.9658908936902124,474.3409729
CHL,2022,national,1.1680942232867602,474.3409729
CHN,1981,rural,0.1372716873884201,3.424867796
CHN,1981,urban,0.14069949090480804,4.199237165
CHN,1984,rural,0.14595343172550201,3.424867796
CHN,1984,urban,0.1503361165523529,4.199237165
CHN,1987,rural,0.17695647478103638,3.424867796
CHN,1987,urban,0.19584211707115173,4.199237165
CHN,1990,rural,0.2592155635356903,3.424867796
CHN,1990,urban,0.2784854471683502,4.199237165
CHN,1993,rural,0.315677672624588,3.424867796
CHN,1993,urban,0.3690347671508789,4.199237165
CHN,1996,rural,0.49387645721435547,3.424867796
CHN,1996,urban,0.5862043499946594,4.199237165
CHN,1999,rural,0.49364373087882996,3.424867796
CHN,1999,urban,0.5929406881332397,4.199237165
CHN,2002,rural,0.49510690569877625,3.424867796
CHN,2002,urban,0.5958492755889893,4.199237165
CHN,2005,rural,0.5387718081474304,3.424867796
CHN,2005,urban,0.6309887766838074,4.199237165
CHN,2008,rural,0.6685793399810791,3.424867796
CHN,2008,urban,0.7350025177001953,4.199237165
CHN,2010,rural,0.7037686109542847,3.424867796
CHN,2010,urban,0.7616185545921326,4.199237165
CHN,2011,rural,0.7759814262390137,3.424867796
CHN,2011,urban,0.813257098197937,4.199237165
CHN,2012,rural,0.8032141923904419,3.424867796
CHN,2012,urban,0.8352150321006775,4.199237165
CHN,2013,rural,0.8371787071228027,3.424867796
CHN,2013,urban,0.8569306135177612,4.199237165
CHN,2014,rural,0.8567618131637573,3.424867796
CHN,2014,urban,0.8749261498451233,4.199237165
CHN,2015,rural,0.8735910654067993,3.424867796
CHN,2015,urban,0.8880500197410583,4.199237165
CHN,2016,rural,0.9032717347145081,3.424867796
CHN,2016,urban,0.9066991209983826,4.199237165
CHN,2017,rural,0.9150142669677734,3.424867796
CHN,2017,urban,0.9221130013465881,4.199237165
CHN,2018,rural,0.9342295527458191,3.424867796
CHN,2018,urban,0.941477358341217,4.199237165
CHN,2019,rural,0.9641249179840088,3.424867796
CHN,2019,urban,0.967838704586029,4.199237165
CHN,2020,rural,0.9930486679077148,3.424867796
CHN,2020,urban,0.9900990128517151,4.199237165
CHN,2021,rural,1,3.424867796
CHN,2021,urban,1,4.199237165
CHN,2022,rural,1.0199999809265137,3.424867796
CHN,2022,urban,1.0199999809265137,4.199237165
CIV,1985,national,0.28205380446079614,238.5399628
CIV,1986,national,0.3086921265558541,238.5399628
CIV,1987,national,0.33217004665563415,238.5399628
CIV,1988,national,0.3522713735514124,238.5399628
CIV,1992,national,0.37754633472514953,238.5399628
CIV,1995,national,0.5490658037667918,238.5399628
CIV,1998,national,0.6123030811850066,238.5399628
CIV,2002,national,0.6800858300523416,238.5399628
CIV,2008,national,0.8218380111002526,238.5399628
CIV,2015,national,0.9318684527367272,238.5399628
CIV,2018,national,0.947579258437473,238.5399628
CIV,2021,national,1.0135213803306427,238.5399628
CMR,1996,national,0.5600819836694315,201.4928894
CMR,2001,national,0.6519978225581284,201.4928894
CMR,2007,national,0.731834002526191,201.4928894
CMR,2014,national,0.8843431949386814,201.4928894
CMR,2021,national,1.0071931563933638,201.4928894
COD,2004,national,0.1944978223605028,928.602478
COD,2012,national,0.4253250207322083,928.602478
COD,2020,national,0.917522524357884,928.602478
COG,2005,national,0.6433911439445706,242.3339996
COG,2011,national,0.8143128282518999,242.3339996
COL,1980,national,0.007515087666245407,1506.552246
COL,1988,national,0.03866047728782461,1506.552246
COL,1989,national,0.05233836470987608,1506.552246
COL,1991,national,0.08793615155799601,1506.552246
COL,1992,national,0.11051344301128604,1506.552246
COL,1996,national,0.2419366303509049,1506.552246
COL,1999,national,0.3636746922263934,1506.552246
COL,2000,national,0.3958088716317382,1506.552246
COL,2001,national,0.4265320248830749,1506.552246
COL,2002,national,0.4566779025694828,1506.552246
COL,2003,national,0.4847071031844846,1506.552246
COL,2004,national,0.5129288208813918,1506.552246
COL,2005,national,0.5390980032363296,1506.552246
COL,2008,national,0.6385793444653179,1506.552246
COL,2009,national,0.6537164250379588,1506.552246
COL,2010,national,0.6706494740348201,1506.552246
COL,2011,national,0.6972035067663791,1506.552246
COL,2012,national,0.7165738495882333,1506.552246
COL,2013,national,0.7291452609834167,1506.552246
COL,2014,national,0.7558275771738479,1506.552246
COL,2015,national,0.804125104822816,1506.552246
COL,2016,national,0.8521019238246034,1506.552246
COL,2017,national,0.8871865308904304,1506.552246
COL,2018,national,0.9161779493405767,1506.552246
COL,2019,national,0.9514212566452847,1506.552246
COL,2020,national,0.9655921679581903,1506.552246
COL,2021,national,1.0163716497194122,1506.552246
COL,2022,national,1.1437380105125623,1506.552246
COL,2023,national,1.2598124863298399,1506.552246
COM,2004,national,0.7310568146246024,228.0477905
COM,2014,national,0.9237462310706581,228.0477905
CPV,2001,national,0.7319078647824695,54.40446854
CPV,2007,national,0.8201856408010605,54.40446854
CPV,2015,national,0.9592315440198077,54.40446854
CRI,1981,national,0.00911078216755308,363.6524048
CRI,1986,national,0.033091343817816,363.6524048
CRI,1989,national,0.054432882993099466,363.6524048
CRI,1990,national,0.06541548450749879,363.6524048
CRI,1991,national,0.08482828189236616,363.6524048
CRI,1992,national,0.10271656586710187,363.6524048
CRI,1993,national,0.11283379122525336,363.6524048
CRI,1994,national,0.1261881327205033,363.6524048
CRI,1995,national,0.1555102672712318,363.6524048
CRI,1996,national,0.1845651170033005,363.6524048
CRI,1997,national,0.20907612481815602,363.6524048
CRI,1998,national,0.23352773600664273,363.6524048
CRI,1999,national,0.25469273386939023,363.6524048
CRI,2000,national,0.2844207453669717,363.6524048
CRI,2001,national,0.3165048230438487,363.6524048
CRI,2002,national,0.34489641044813263,363.6524048
CRI,2003,national,0.37761405213960986,363.6524048
CRI,2004,national,0.4245769847218698,363.6524048
CRI,2005,national,0.4829440695669389,363.6524048
CRI,2006,national,0.541024070717891,363.6524048
CRI,2007,national,0.5883829808092765,363.6524048
CRI,2008,national,0.6717560453556074,363.6524048
CRI,2009,national,0.7181250116741796,363.6524048
CRI,2010,national,0.7589304939895402,363.6524048
CRI,2011,national,0.7983401555852372,363.6524048
CRI,2012,national,0.8298698647493411,363.6524048
CRI,2013,national,0.8781197242362573,363.6524048
CRI,2014,national,0.9236571377856625,363.6524048
CRI,2015,national,0.9206873064672276,363.6524048
CRI,2016,national,0.9250628579430588,363.6524048
CRI,2017,national,0.9358235467535373,363.6524048
CRI,2018,national,0.9553254390779606,363.6524048
CRI,2019,national,0.9829349709017206,363.6524048
CRI,2020,national,0.9813114631143055,363.6524048
CRI,2021,national,0.9954379607523519,363.6524048
CRI,2022,national,1.109714100158851,363.6524048
CRI,2023,national,1.0843560167607715,363.6524048
CRI,2024,national,1.084701190746924,363.6524048
CYP,2004,national,0.4854635397767627,0.622883916
CYP,2005,national,0.49789220349465735,0.622883916
CYP,2006,national,0.5093670281869571,0.622883916
CYP,2007,national,0.5214525409337325,0.622883916
CYP,2008,national,0.9325533486396902,0.622883916
CYP,2009,national,0.9355960244806175,0.622883916
CYP,2010,national,0.9583313896960366,0.622883916
CYP,2011,national,0.9898552369192722,0.622883916
CYP,2012,national,1.0135033683295283,0.622883916
CYP,2013,national,1.0094558746565245,0.622883916
CYP,2014,national,0.99577790798726,0.622883916
CYP,2015,national,0.9748964437359774,0.622883916
CYP,2016,national,0.9609635254709585,0.622883916
CYP,2017,national,0.9660735977333216,0.622883916
CYP,2018,national,0.9799415168676765,0.622883916
CYP,2019,national,0.9823950329843171,0.622883916
CYP,2020,national,0.9761231652368565,0.622883916
CYP,2021,national,1,0.622883916
CYP,2022,national,1.0839548220215591,0.622883916
CYP,2023,national,1.122341378358843,0.622883916
CZE,1992,national,0.310613678955239,13.57757568
CZE,1993,national,0.3752618004976869,13.57757568
CZE,1996,national,0.4894808663979138,13.57757568
CZE,2002,national,0.665182753440492,13.57757568
CZE,2004,national,0.6843541443174708,13.57757568
CZE,2005,national,0.6970632850957585,13.57757568
CZE,2006,national,0.7147267931576118,13.57757568
CZE,2007,national,0.7351188598106794,13.57757568
CZE,2008,national,0.7818625544635532,13.57757568
CZE,2009,national,0.7898326873773699,13.57757568
CZE,2010,national,0.8014647864725424,13.57757568
CZE,2011,national,0.8168306382221023,13.57757568
CZE,2012,national,0.843684954973861,13.57757568
CZE,2013,national,0.8558196205271646,13.57757568
CZE,2014,national,0.8587635385374736,13.57757568
CZE,2015,national,0.8614202495087456,13.57757568
CZE,2016,national,0.8673080855293634,13.57757568
CZE,2017,national,0.8885617732995411,13.57757568
CZE,2018,national,0.9076613777034883,13.57757568
CZE,2019,national,0.9335104392451635,13.57757568
CZE,2020,national,0.9630214669681944,13.57757568
CZE,2021,national,1,13.57757568
CZE,2022,national,1.1510016842305053,13.57757568
CZE,2023,national,1.2737128942202474,13.57757568
DEU,1991,national,1.1787736834979856,0.740518451
DEU,1992,national,1.2383839866013677,0.740518451
DEU,1993,national,1.2937964712463665,0.740518451
DEU,1994,national,1.3286391330475515,0.740518451
DEU,1995,national,1.351307865120557,0.740518451
DEU,1996,national,1.3708981115911254,0.740518451
DEU,1997,national,1.3974848929582446,0.740518451
DEU,1998,national,1.4102186172138311,0.740518451
DEU,1999,national,1.418474497647897,0.740518451
DEU,2000,national,1.438904307810142,0.740518451
DEU,2001,national,1.4674501138243181,0.740518451
DEU,2002,national,1.4882997058324017,0.740518451
DEU,2003,national,0.768837372862556,0.740518451
DEU,2004,national,0.7816441724156293,0.740518451
DEU,2005,national,0.7937354804976504,0.740518451
DEU,2006,national,0.8062560572634206,0.740518451
DEU,2007,national,0.8247866575905006,0.740518451
DEU,2008,national,0.8464651846002709,0.740518451
DEU,2009,national,0.8491123851481942,0.740518451
DEU,2010,national,0.858484969734069,0.740518451
DEU,2011,national,0.8763000130928913,0.740518451
DEU,2012,national,0.8939004221098392,0.740518451
DEU,2013,national,0.9073511246885363,0.740518451
DEU,2014,national,0.9155789491196096,0.740518451
DEU,2015,national,0.9202889186522745,0.740518451
DEU,2016,national,0.9248143825575178,0.740518451
DEU,2017,national,0.9387744569020857,0.740518451
DEU,2018,national,0.9550355790643947,0.740518451
DEU,2019,national,0.9688421279596632,0.740518451
DEU,2020,national,0.9702457985671439,0.740518451
DJI,2002,national,0.5794072862421468,96.93076324
DJI,2012,national,0.8801164418691694,96.93076324
DJI,2013,national,0.9039326855099183,96.93076324
DJI,2017,national,0.9389881979565741,96.93076324
DNK,1987,national,0.5210636396654704,7.2402009960000004
DNK,1992,national,0.6123687601611824,7.2402009960000004
DNK,1995,national,0.6456006047549078,7.2402009960000004
DNK,2000,national,0.7237071643488248,7.2402009960000004
DNK,2003,national,0.7743236846137992,7.2402009960000004
DNK,2004,national,0.7832621790036401,7.2402009960000004
DNK,2005,national,0.7975003905449655,7.2402009960000004
DNK,2006,national,0.8128460530893746,7.2402009960000004
DNK,2007,national,0.826609729683398,7.2402009960000004
DNK,2008,national,0.8548489528899684,7.2402009960000004
DNK,2009,national,0.8660022140908353,7.2402009960000004
DNK,2010,national,0.8860148805236595,7.2402009960000004
DNK,2011,national,0.9104572157736769,7.2402009960000004
DNK,2012,national,0.9322892032281085,7.2402009960000004
DNK,2013,national,0.9396456440699931,7.2402009960000004
DNK,2014,national,0.9449454288190482,7.2402009960000004
DNK,2015,national,0.9492169193204741,7.2402009960000004
DNK,2016,national,0.9515899320448381,7.2402009960000004
DNK,2017,national,0.9625059257720537,7.2402009960000004
DNK,2018,national,0.9703369691588111,7.2402009960000004
DNK,2019,national,0.9776934100006955,7.2402009960000004
DNK,2020,national,0.9818066545887835,7.2402009960000004
DNK,2021,national,1,7.2402009960000004
DNK,2022,national,1.0769656477932672,7.2402009960000004
DNK,2023,national,1.1125613118417221,7.2402009960000004
DOM,1986,national,0.02298956616127967,23.1358223
DOM,1989,national,0.05282463165286531,23.1358223
DOM,1992,national,0.1224533501911386,23.1358223
DOM,1996,national,0.16276557630923946,23.1358223
DOM,1997,national,0.17538715009302774,23.1358223
DOM,2000,national,0.22226931951833556,23.1358223
DOM,2001,national,0.2353983234477941,23.1358223
DOM,2002,national,0.24807528083477118,23.1358223
DOM,2003,national,0.3302887889738814,23.1358223
DOM,2004,national,0.4884657704473602,23.1358223
DOM,2005,national,0.5090633694265105,23.1358223
DOM,2006,national,0.5331397613630179,23.1358223
DOM,2007,national,0.5694607183415198,23.1358223
DOM,2008,national,0.6524800485780974,23.1358223
DOM,2009,national,0.6422402116810197,23.1358223
DOM,2010,national,0.6788559816220107,23.1358223
DOM,2011,national,0.7255381811344792,23.1358223
DOM,2012,national,0.744441086429459,23.1358223
DOM,2013,national,0.7826383174075237,23.1358223
DOM,2014,national,0.804773815218138,23.1358223
DOM,2015,national,0.8079456700873402,23.1358223
DOM,2016,national,0.8188784464450245,23.1358223
DOM,2017,national,0.8442645096691732,23.1358223
DOM,2018,national,0.8743578352043967,23.1358223
DOM,2019,national,0.8901889849539024,23.1358223
DOM,2020,national,0.9238472635139405,23.1358223
DOM,2021,national,1,23.1358223
DOM,2022,national,1.0881109345882658,23.1358223
DOM,2023,national,1.1401837694283465,23.1358223
DOM,2024,national,1.1778352393381555,23.1358223
DZA,1988,national,0.07301529648304682,39.36594772
DZA,1995,national,0.3115293995283899,39.36594772
DZA,2011,national,0.638339859350518,39.36594772
ECU,1987,national,0.0025941910904030193,0.48530966
ECU,1994,national,1164.3732528422884,0.48530966
ECU,1995,national,1493.635023259677,0.48530966
ECU,1998,national,3046.2878822137386,0.48530966
ECU,1999,national,4227.253083501224,0.48530966
ECU,2000,national,0.4287614951087039,0.48530966
ECU,2003,national,0.6241852841634552,0.48530966
ECU,2004,national,0.6364780874306288,0.48530966
ECU,2005,national,0.6540534867254686,0.48530966
ECU,2006,national,0.6750418605643419,0.48530966
ECU,2007,national,0.6932664023751264,0.48530966
ECU,2008,national,0.7565838634297543,0.48530966
ECU,2009,national,0.7869871718131068,0.48530966
ECU,2010,national,0.8136726013845126,0.48530966
ECU,2011,national,0.8586819064253756,0.48530966
ECU,2012,national,0.8996673644623623,0.48530966
ECU,2013,national,0.9203719814567745,0.48530966
ECU,2014,national,0.954971061380291,0.48530966
ECU,2015,national,0.987450975435079,0.48530966
ECU,2016,national,0.997866499685402,0.48530966
ECU,2017,national,0.9956982272414543,0.48530966
ECU,2018,national,0.9991491878575569,0.48530966
ECU,2019,national,0.9995685023335329,0.48530966
ECU,2020,national,0.9904449588232717,0.48530966
ECU,2021,national,1.008696171371268,0.48530966
ECU,2022,national,1.0454551515215922,0.48530966
ECU,2023,national,1.0614740697977854,0.48530966
ECU,2024,national,1.0774721273717789,0.48530966
EGY,1990,national,0.06597865607122672,5.042516
EGY,1995,national,0.12079477449382163,5.042516
EGY,1999,national,0.14040128894026557,5.042516
EGY,2004,national,0.17679215022499004,5.042516
EGY,2008,national,0.25932895706412606,5.042516
EGY,2010,national,0.32900535417438753,5.042516
EGY,2012,national,0.3867944026602086,5.042516
EGY,2015,national,0.49158494412592363,5.042516
EGY,2017,national,0.8028395323622984,5.042516
EGY,2019,national,0.9244249405626007,5.042516
EGY,2021,national,1.1069965776189248,5.042516
ESP,1980,national,31.08002208838848,0.660564244
ESP,1985,national,55.329172890149735,0.660564244
ESP,1990,national,75.69760720700249,0.660564244
ESP,1993,national,88.82152232334357,0.660564244
ESP,1994,national,93.0124872684983,0.660564244
ESP,1995,national,97.35971202862363,0.660564244
ESP,1996,national,100.82459292883854,0.660564244
ESP,1997,national,102.81192207787689,0.660564244
ESP,1998,national,104.69782791357532,0.660564244
ESP,1999,national,107.11671270421571,0.660564244
ESP,2000,national,110.79458256244443,0.660564244
ESP,2003,national,0.7325268917029972,0.660564244
ESP,2004,national,0.7547901833934422,0.660564244
ESP,2005,national,0.7802176574759513,0.660564244
ESP,2006,national,0.8076468164906027,0.660564244
ESP,2007,national,0.8301543303364933,0.660564244
ESP,2008,national,0.8639859237040619,0.660564244
ESP,2009,national,0.8614992737903661,0.660564244
ESP,2010,national,0.8770051057150728,0.660564244
ESP,2011,national,0.9050350512321208,0.660564244
ESP,2012,national,0.9271734216173007,0.660564244
ESP,2013,national,0.9402334188378517,0.660564244
ESP,2014,national,0.9388125811745934,0.660564244
ESP,2015,national,0.9341150851074066,0.660564244
ESP,2016,national,0.9322225306781502,0.660564244
ESP,2017,national,0.9504575619175093,0.660564244
ESP,2018,national,0.9663775009436009,0.660564244
ESP,2019,national,0.9731375032961628,0.660564244
ESP,2020,national,0.9699966725567698,0.660564244
ESP,2021,national,1,0.660564244
ESP,2022,national,1.0839057666471357,0.660564244
ESP,2023,national,1.1221932434234485,0.660564244
EST,1993,national,0.17358412968397657,0.613318384
EST,1995,national,0.33006102739019644,0.613318384
EST,1998,national,0.4859837402772509,0.613318384
EST,2000,national,8.17026673819785,0.613318384
EST,2001,national,8.639916933183972,0.613318384
EST,2002,national,8.948527238854178,0.613318384
EST,2003,national,9.067988959805227,0.613318384
EST,2004,national,9.344391287612249,0.613318384
EST,2005,national,9.725616113928707,0.613318384
EST,2006,national,10.157202079244456,0.613318384
EST,2007,national,10.827711486462302,0.613318384
EST,2008,national,11.94971792753016,0.613318384
EST,2009,national,11.940348675079385,0.613318384
EST,2010,national,12.295220837288941,0.613318384
EST,2011,national,0.8249560174353511,0.613318384
EST,2012,national,0.857404823348814,0.613318384
EST,2013,national,0.8812455466622862,0.613318384
EST,2014,national,0.880309869870362,0.613318384
EST,2015,national,0.8759758523804542,0.613318384
EST,2016,national,0.877278317832146,0.613318384
EST,2017,national,0.9072569657920714,0.613318384
EST,2018,national,0.9384332824437549,0.613318384
EST,2019,national,0.9598038478036895,0.613318384
EST,2020,national,0.9555372167887047,0.613318384
EST,2021,national,1,0.613318384
EST,2022,national,1.1939825796369943,0.613318384
EST,2023,national,1.3033421952942779,0.613318384
ETH,1981,national,0.02839108209578276,13.4367609
ETH,1995,national,0.07333186832210714,13.4367609
ETH,1999,national,0.07605023686353984,13.4367609
ETH,2004,national,0.08695474495974259,13.4367609
ETH,2010,national,0.23687080730088497,13.4367609
ETH,2015,national,0.4289651289001465,13.4367609
ETH,2021,national,1.119265383306976,13.4367609
FIN,1987,national,3.10774563126641,0.867450714
FIN,1991,national,3.8544588744219834,0.867450714
FIN,1995,national,4.130439576935769,0.867450714
FIN,2000,national,4.445674701491945,0.867450714
FIN,2003,national,0.7858786193588232,0.867450714
FIN,2004,national,0.7873491588681001,0.867450714
FIN,2005,national,0.7922612286768127,0.867450714
FIN,2006,national,0.8046733084256328,0.867450714
FIN,2007,national,0.8248759805916087,0.867450714
FIN,2008,national,0.8584150299727376,0.867450714
FIN,2009,national,0.8584150299727376,0.867450714
FIN,2010,national,0.86857985020920625,0.867450714
FIN,2011,national,0.8982575654158478,0.867450714
FIN,2012,national,0.9234836365949697,0.867450714
FIN,2013,national,0.9371353802886342,0.867450714
FIN,2014,national,0.9468927886507827,0.867450714
FIN,2015,national,0.9449239184168987,0.867450714
FIN,2016,national,0.948294343813741,0.867450714
FIN,2017,national,0.9554445945032531,0.867450714
FIN,2018,national,0.9657999334675468,0.867450714
FIN,2019,national,0.9756906055380977,0.867450714
FIN,2020,national,0.9785255242081378,0.867450714
FIN,2021,national,1,0.867450714
FIN,2022,national,1.0712350517349465,0.867450714
FIN,2023,national,1.138194134276274,0.867450714
FJI,2002,national,0.5829250893285607,0.944870651
FJI,2008,national,0.7358967100205109,0.944870651
FJI,2013,national,0.8858006656356577,0.944870651
FJI,2019,national,1.0210559266601942,0.944870651
FRA,1979,national,1.9898759060137028,0.766459584
FRA,1984,national,3.3794392050772246,0.766459584
FRA,1990,national,4.154907918048697,0.766459584
FRA,1996,national,4.7301998462701995,0.766459584
FRA,1997,national,4.787148557742797,0.766459584
FRA,1998,national,4.818318927847665,0.766459584
FRA,1999,national,4.844200131436739,0.766459584
FRA,2000,national,4.925386922702883,0.766459584
FRA,2001,national,5.00590622275778,0.766459584
FRA,2002,national,5.102190605429718,0.766459584
FRA,2003,national,0.7941427221606403,0.766459584
FRA,2004,national,0.8111539435671926,0.766459584
FRA,2005,national,0.8253156718523831,0.766459584
FRA,2006,national,0.8391406961666864,0.766459584
FRA,2007,national,0.8516271185451184,0.766459584
FRA,2008,national,0.8755822483964304,0.766459584
FRA,2009,national,0.8763494039559051,0.766459584
FRA,2010,national,0.8897673966150796,0.766459584
FRA,2011,national,0.9085556818421726,0.766459584
FRA,2012,national,0.9263106388747407,0.766459584
FRA,2013,national,0.9343113633313491,0.766459584
FRA,2014,national,0.9390554272437365,0.766459584
FRA,2015,national,0.939407676619731,0.766459584
FRA,2016,national,0.9411299581611375,0.766459584
FRA,2017,national,0.9508450896308007,0.766459584
FRA,2018,national,0.9684434385865873,0.766459584
FRA,2019,national,0.9791762849618028,0.766459584
FRA,2020,national,0.9838420108938669,0.766459584
FRA,2021,national,1,0.766459584
FRA,2022,national,1.0522236683748283,0.766459584
FRA,2023,national,1.1035548675752107,0.766459584
FSM,2000,national,0.601492002151322,0.949481189
FSM,2005,national,0.6446989196965038,0.949481189
FSM,2013,national,0.9326302643586336,0.949481189
GAB,2005,national,0.7064284669375545,300.2349854
GAB,2017,national,0.9093804973541652,300.2349854
GBR,1977,national,0.1876983717033944,0.720495343
GBR,1978,national,0.2032081489800561,0.720495343
GBR,1979,national,0.2304812839495404,0.720495343
GBR,1980,national,0.2718893662879774,0.720495343
GBR,1981,national,0.3041806743124033,0.720495343
GBR,1982,national,0.3303367397685433,0.720495343
GBR,1983,national,0.345562975991214,0.720495343
GBR,1984,national,0.36270535897058226,0.720495343
GBR,1985,national,0.38472663168012466,0.720495343
GBR,1986,national,0.3979135468834386,0.720495343
GBR,1987,national,0.414422655834231,0.720495343
GBR,1988,national,0.43164339723425577,0.720495343
GBR,1989,national,0.4565071339736177,0.720495343
GBR,1990,national,0.49331738813396014,0.720495343
GBR,1991,national,0.5301276730955685,0.720495343
GBR,1992,national,0.5544687431524935,0.720495343
GBR,1993,national,0.5686552518406991,0.720495343
GBR,1994,national,0.5812737912828597,0.720495343
GBR,1995,national,0.5969536069483714,0.720495343
GBR,1996,national,0.6139774666562435,0.720495343
GBR,1997,national,0.6274919533232687,0.720495343
GBR,1998,national,0.6389158348630782,0.720495343
GBR,1999,national,0.6501157295966716,0.720495343
GBR,2000,national,0.65780631289195,0.720495343
GBR,2001,national,0.6678862119919308,0.720495343
GBR,2002,national,0.6780407733606504,0.720495343
GBR,2003,national,0.6873739881707122,0.720495343
GBR,2004,national,0.6969312513895222,0.720495343
GBR,2005,national,0.7114910714214211,0.720495343
GBR,2006,national,0.7289629047417255,0.720495343
GBR,2007,national,0.7463600141907594,0.720495343
GBR,2008,national,0.7726424264399545,0.720495343
GBR,2009,national,0.7877996062242952,0.720495343
GBR,2010,national,0.807436706940554,0.720495343
GBR,2011,national,0.8385723514653609,0.720495343
GBR,2012,national,0.86015079437389,0.720495343
GBR,2013,national,0.8798626189614195,0.720495343
GBR,2014,national,0.8926304829410576,0.720495343
GBR,2015,national,0.8959157459706245,0.720495343
GBR,2016,national,0.9049503117057317,0.720495343
GBR,2017,national,0.9280967238603054,0.720495343
GBR,2018,national,0.9493765176938797,0.720495343
GBR,2019,national,0.965877679918049,0.720495343
GBR,2020,national,0.975434881534327,0.720495343
GBR,2021,national,1,0.720495343
GEO,1996,national,0.24937951284215962,1.073477149
GEO,1997,national,0.26705459147616945,1.073477149
GEO,1998,national,0.27657989043996506,1.073477149
GEO,1999,national,0.3296629866270416,1.073477149
GEO,2000,national,0.34306036720078775,1.073477149
GEO,2001,national,0.3589990923663162,1.073477149
GEO,2002,national,0.37905939685210327,1.073477149
GEO,2003,national,0.3971193603188815,1.073477149
GEO,2004,national,0.41960858309772275,1.073477149
GEO,2005,national,0.45427546390028456,1.073477149
GEO,2006,national,0.4958914739204177,1.073477149
GEO,2007,national,0.5417361394646873,1.073477149
GEO,2008,national,0.5959069891954835,1.073477149
GEO,2009,national,0.606201364294002,1.073477149
GEO,2010,national,0.6493033631587911,1.073477149
GEO,2011,national,0.7047728988765692,1.073477149
GEO,2012,national,0.6981222851364755,1.073477149
GEO,2013,national,0.6945474805561206,1.073477149
GEO,2014,national,0.7158618125982646,1.073477149
GEO,2015,national,0.7445219239456276,1.073477149
GEO,2016,national,0.7604169071319637,1.073477149
GEO,2017,national,0.8063104665986148,1.073477149
GEO,2018,national,0.8273974691475386,1.073477149
GEO,2019,national,0.8675502777640448,1.073477149
GEO,2020,national,0.9126842723757066,1.073477149
GEO,2021,national,1,1.073477149
GEO,2022,national,1.1189816510571045,1.073477149
GEO,2023,national,1.146819185321242,1.073477149
GEO,2024,national,1.1595456739083503,1.073477149
GHA,1987,national,26.695316191762686,2.454195261
GHA,1988,national,34.136814065277576,2.454195261
GHA,1991,national,0.0066013028845191,2.454195261
GHA,1998,national,0.036622654646635056,2.454195261
GHA,2005,national,0.1575482189655304,2.454195261
GHA,2012,national,0.5199090838432312,2.454195261
GHA,2016,national,0.6966782212257385,2.454195261
GIN,1991,national,0.04116498120177895,3471.783636
GIN,1994,national,0.053808039027236784,3471.783636
GIN,2002,national,0.0776508412781158,3471.783636
GIN,2007,national,0.206088347528431,3471.783636
GIN,2012,national,0.4270047574901221,3471.783636
GIN,2018,national,0.7682583074297854,3471.783636
GMB,1998,national,0.24782422545494084,15.42415047
GMB,2003,national,0.35878040861183635,15.42415047
GMB,2010,national,0.5109585205781595,15.42415047
GMB,2015,national,0.6800728449045821,15.42415047
GMB,2020,national,0.9368473837502765,15.42415047
GNB,1991,national,0.061934093371533674,217.9846802
GNB,1993,national,0.15555813156917564,217.9846802
GNB,2002,national,0.7179752943130107,217.9846802
GNB,2010,national,0.8579303542935823,217.9846802
GNB,2018,national,0.9656866142848626,217.9846802
GNB,2021,national,1.0303602082723873,217.9846802
GNQ,2022,national,1.0706328829644172,287.6906738
GRC,1995,national,190.61779046200755,0.600590289
GRC,2000,national,241.416730270402,0.600590289
GRC,2002,national,258.6195562564215,0.600590289
GRC,2003,national,0.7857682203271824,0.600590289
GRC,2004,national,0.8085464554446194,0.600590289
GRC,2005,national,0.8372100231152008,0.600590289
GRC,2006,national,0.8639667888557121,0.600590289
GRC,2007,national,0.8889786848441962,0.600590289
GRC,2008,national,0.9258961519883594,0.600590289
GRC,2009,national,0.9371001667684328,0.600590289
GRC,2010,national,0.9812655774562857,0.600590289
GRC,2011,national,1.0139403167252656,0.600590289
GRC,2012,national,1.0291648611815254,0.600590289
GRC,2013,national,1.0196834813606557,0.600590289
GRC,2014,national,1.0063025530932415,0.600590289
GRC,2015,national,0.9888343159065461,0.600590289
GRC,2016,national,0.9806699545212392,0.600590289
GRC,2017,national,0.9916657707866864,0.600590289
GRC,2018,national,0.9978698020369766,0.600590289
GRC,2019,national,1.0003945365595392,0.600590289
GRC,2020,national,0.9879097378210981,0.600590289
GRC,2021,national,1,0.600590289
GRC,2022,national,1.0964526596555448,0.600590289
GRC,2023,national,1.1344425625142056,0.600590289
GRD,2018,national,0.9848905949324182,1.850866556
GTM,1986,national,0.06436346354691401,3.44300127
GTM,1989,national,0.08407064544858647,3.44300127
GTM,1998,national,0.30350492578680377,3.44300127
GTM,2000,national,0.3383085965626351,3.44300127
GTM,2006,national,0.5205746071644715,3.44300127
GTM,2014,national,0.7767220043988137,3.44300127
GTM,2023,national,1.1333793915589954,3.44300127
GUY,1992,national,0.2635817912582923,99.45970917
GUY,1998,national,0.40113138995862474,99.45970917
HND,1986,national,0.03824480142368386,11.78213501
HND,1989,national,0.04499077397108132,11.78213501
HND,1990,national,0.05295052914195512,11.78213501
HND,1991,national,0.07357983334733532,11.78213501
HND,1992,national,0.08059498578605247,11.78213501
HND,1993,national,0.08759032140997086,11.78213501
HND,1994,national,0.11446192227692085,11.78213501
HND,1995,national,0.1389158717384375,11.78213501
HND,1996,national,0.16847497067373457,11.78213501
HND,1997,national,0.20731082626850905,11.78213501
HND,1998,national,0.23552968536974803,11.78213501
HND,1999,national,0.26207217660358667,11.78213501
HND,2001,national,0.3228625138829409,11.78213501
HND,2002,national,0.3456111753290378,11.78213501
HND,2003,national,0.3735506397857101,11.78213501
HND,2004,national,0.40316647210978335,11.78213501
HND,2005,national,0.43920838125889056,11.78213501
HND,2006,national,0.46603026713729584,11.78213501
HND,2007,national,0.49424912623853473,11.78213501
HND,2008,national,0.5498486605073136,11.78213501
HND,2009,national,0.5836554124998866,11.78213501
HND,2010,national,0.6090803251554588,11.78213501
HND,2011,national,0.6560186254426712,11.78213501
HND,2012,national,0.6898253774352407,11.78213501
HND,2013,national,0.7230733401386831,11.78213501
HND,2014,national,0.7680558779139229,11.78213501
HND,2015,national,0.79487776379233,11.78213501
HND,2016,national,0.8135972049783023,11.78213501
HND,2017,national,0.8465657730371751,11.78213501
HND,2018,national,0.8803725250297505,11.78213501
HND,2019,national,0.9256344574495541,11.78213501
HND,2023,national,1.1541792767051355,11.78213501
HND,2024,national,1.2111757841967494,11.78213501
HRV,1988,national,1.0554542898448447e-5,3.636068441
HRV,1998,national,0.6176863134965722,3.636068441
HRV,1999,national,0.6425120374299713,3.636068441
HRV,2000,national,0.6721402877186897,3.636068441
HRV,2001,national,0.697524982917692,3.636068441
HRV,2004,national,0.736554015198012,3.636068441
HRV,2008,national,0.8571315710406889,3.636068441
HRV,2009,national,0.8775186681116227,3.636068441
HRV,2010,national,0.8865619763449096,3.636068441
HRV,2011,national,0.9067111183199585,3.636068441
HRV,2012,national,0.9376487303898419,3.636068441
HRV,2013,national,0.9584325320194351,3.636068441
HRV,2014,national,0.95637000651096,3.636068441
HRV,2015,national,0.951927659486393,3.636068441
HRV,2016,national,0.9412184626639797,3.636068441
HRV,2017,national,0.9518483185746611,3.636068441
HRV,2018,national,0.9661272476712124,3.636068441
HRV,2019,national,0.9735840082271046,3.636068441
HRV,2020,national,0.9750912826320782,3.636068441
HRV,2021,national,1,3.636068441
HRV,2022,national,0.1470311014017902,3.636068441
HRV,2023,national,0.1587072560961105,3.636068441
HTI,2001,national,0.11892055494784427,53.03123474
HTI,2012,national,0.3732778733910034,53.03123474
HUN,1987,national,0.040142661769230696,165.821228
HUN,1989,national,0.05442106707494546,165.821228
HUN,1991,national,0.0941836816839098,165.821228
HUN,1993,national,0.14262613800476223,165.821228
HUN,1994,national,0.16953695345048864,165.821228
HUN,1998,national,0.3627114716146755,165.821228
HUN,1999,national,0.3989744155092967,165.821228
HUN,2000,national,0.4380883194719972,165.821228
HUN,2001,national,0.4780280074140669,165.821228
HUN,2002,national,0.5031983212090917,165.821228
HUN,2003,national,0.5266524457458279,165.821228
HUN,2004,national,0.5621717538278447,165.821228
HUN,2005,national,0.5821935575971549,165.821228
HUN,2006,national,0.6050756767969456,165.821228
HUN,2007,national,0.6532321160120377,165.821228
HUN,2008,national,0.6927037759628631,165.821228
HUN,2009,national,0.7218784158622595,165.821228
HUN,2010,national,0.7569296670784567,165.821228
HUN,2011,national,0.7866764278130997,165.821228
HUN,2012,national,0.8311405018354989,165.821228
HUN,2013,national,0.8455457964624257,165.821228
HUN,2014,national,0.8436216525127348,165.821228
HUN,2015,national,0.8431016214113523,165.821228
HUN,2016,national,0.8464298782093512,165.821228
HUN,2017,national,0.8663061541190852,165.821228
IDN,1984,national,0.05089001123252223,5353.55957
IDN,1987,national,0.06163040244888951,5353.55957
IDN,1990,national,0.0764015723527685,5353.55957
IDN,1993,national,0.09858118901700759,5353.55957
IDN,1996,national,0.12640556469819134,5353.55957
IDN,1998,national,0.212761341196545,5353.55957
IDN,1999,national,0.25633023547341705,5353.55957
IDN,2000,national,0.25946667855691,5353.55957
IDN,2001,national,0.28312713488462826,5353.55957
IDN,2002,national,0.32693979343888874,5353.55957
IDN,2003,national,0.35281315076814146,5353.55957
IDN,2004,national,0.36141456778451136,5353.55957
IDN,2005,national,0.3896572284010177,5353.55957
IDN,2006,national,0.4587750243092828,5353.55957
IDN,2007,national,0.48977258062014856,5353.55957
IDN,2008,national,0.5433496198872685,5353.55957
IDN,2009,national,0.5675757923679614,5353.55957
IDN,2010,national,0.6117023532509781,5353.55957
IDN,2011,national,0.6513888381037731,5353.55957
IDN,2012,national,0.6530233442971578,5353.55957
IDN,2013,national,0.7124352431370965,5353.55957
IDN,2014,national,0.7746245687532606,5353.55957
IDN,2015,national,0.837784697328579,5353.55957
IDN,2016,national,0.8582572684687136,5353.55957
IDN,2017,national,0.8831619233961799,5353.55957
IDN,2018,national,0.9169173279302166,5353.55957
IDN,2019,national,0.9399410955801907,5353.55957
IDN,2020,national,0.9717049236724422,5353.55957
IDN,2021,national,0.9693998497867135,5353.55957
IDN,2022,national,1.0258827718797132,5353.55957
IDN,2023,national,1.0849669200543295,5353.55957
IDN,2024,national,1.114301314095147,5353.55957
IND,1977,national,0.04234708473086357,19.46895027
IND,1983,national,0.06910151243209839,19.46895027
IND,1987,national,0.0978158488869667,19.46895027
IND,1993,national,0.16930216550827026,19.46895027
IND,2004,national,0.33598899841308594,19.46895027
IND,2009,national,0.49616917967796326,19.46895027
IND,2011,national,0.59053802490234375,19.46895027
IND,2015,national,0.7727906703948975,19.46895027
IND,2016,national,0.8077062368392944,19.46895027
IND,2017,national,0.8367853164672852,19.46895027
IND,2018,national,0.8652445673942566,19.46895027
IND,2019,national,0.9065647721290588,19.46895027
IND,2020,national,0.9624502658843994,19.46895027
IND,2021,national,1.0153918266296387,19.46895027
IND,2022,national,1.1019059419631958,19.46895027
IND,2023,national,1.1581529378890991,19.46895027
IRL,1987,national,0.4021411209409444,0.980556548
IRL,1994,national,0.48779441102779925,0.980556548
IRL,1995,national,0.5001105122092159,0.980556548
IRL,1996,national,0.5088911966240949,0.980556548
IRL,2000,national,0.5678004164363055,0.980556548
IRL,2002,national,0.7907945902585264,0.980556548
IRL,2003,national,0.8184108335204415,0.980556548
IRL,2004,national,0.8362402761399726,0.980556548
IRL,2005,national,0.8567829558428858,0.980556548
IRL,2006,national,0.8905038948080714,0.980556548
IRL,2007,national,0.9340116344156405,0.980556548
IRL,2008,national,0.971705394826636,0.980556548
IRL,2009,national,0.9284883717257633,0.980556548
IRL,2010,national,0.9199612256332786,0.980556548
IRL,2011,national,0.9434108598407432,0.980556548
IRL,2012,national,0.959399214896982,0.980556548
IRL,2013,national,0.9643410445734661,0.980556548
IRL,2014,national,0.9661821321367585,0.980556548
IRL,2015,national,0.9629844611255108,0.980556548
IRL,2016,national,0.9631782487341514,0.980556548
IRL,2017,national,0.9666666362520956,0.980556548
IRL,2018,national,0.9712208907112987,0.980556548
IRL,2019,national,0.9803294698171764,0.980556548
IRL,2020,national,0.9771317988059286,0.980556548
IRL,2021,national,1,0.980556548
IRL,2022,national,1.0782945455140134,0.980556548
IRL,2023,national,1.1462209275597213,0.980556548
IRN,1986,national,0.0013385082704402277,48021.04297
IRN,1990,national,0.002915893456382291,48021.04297
IRN,1994,national,0.0068454910445837095,48021.04297
IRN,1998,national,0.018270342962262306,48021.04297
IRN,2005,national,0.04899794435656232,48021.04297
IRN,2006,national,0.05479326993844068,48021.04297
IRN,2009,national,0.09009112137036779,48021.04297
IRN,2011,national,0.13021152374332406,48021.04297
IRN,2012,national,0.16855999695097582,48021.04297
IRN,2013,national,0.22387202792444294,48021.04297
IRN,2014,national,0.25651263700970234,48021.04297
IRN,2015,national,0.2850364685186871,48021.04297
IRN,2016,national,0.30457626750977584,48021.04297
IRN,2017,national,0.3296655876976873,48021.04297
IRN,2018,national,0.4181814863752474,48021.04297
IRN,2019,national,0.5635554534167604,48021.04297
IRN,2020,national,0.7692581263071908,48021.04297
IRN,2021,national,1.0785553259633687,48021.04297
IRN,2022,national,1.5890713443769957,48021.04297
IRN,2023,national,2.23583041877309,48021.04297
IRQ,2006,national,0.6085579113326152,575.5927734
IRQ,2012,national,0.8838789712378183,575.5927734
IRQ,2023,national,1.0957080876501053,575.5927734
ISL,2003,national,0.45119276746121734,156.3648224
ISL,2004,national,0.46544231508894557,156.3648224
ISL,2005,national,0.4839997361689373,156.3648224
ISL,2006,national,0.5163651787482978,156.3648224
ISL,2007,national,0.5424496582033347,156.3648224
ISL,2008,national,0.6113103363526722,156.3648224
ISL,2009,national,0.6846866989613799,156.3648224
ISL,2010,national,0.7216374174991127,156.3648224
ISL,2011,national,0.7505103468354422,156.3648224
ISL,2012,national,0.7894310443492748,156.3648224
ISL,2013,national,0.8199999911909495,156.3648224
ISL,2014,national,0.8367658716241654,156.3648224
ISL,2015,national,0.8504306909962364,156.3648224
ISL,2016,national,0.8648618977623801,156.3648224
ISL,2017,national,0.880087075261995,156.3648224
ISL,2018,national,0.9036990744660973,156.3648224
ISL,2019,national,0.9309362732364859,156.3648224
ISR,1979,national,0.1955757745232762,4.012187958
ISR,1986,national,152.31030638916454,4.012187958
ISR,1992,national,0.39734638608948464,4.012187958
ISR,1997,national,0.6604753085556938,4.012187958
ISR,2001,national,0.7489388200103434,4.012187958
ISR,2002,national,0.7921702332862753,4.012187958
ISR,2003,national,0.7977372349496107,4.012187958
ISR,2004,national,0.7946927721789693,4.012187958
ISR,2005,national,0.8051309701857624,4.012187958
ISR,2006,national,0.8217450344548034,4.012187958
ISR,2007,national,0.8254853724333617,4.012187958
ISR,2008,national,0.8630627734369539,4.012187958
ISR,2009,national,0.8920287100065695,4.012187958
ISR,2010,national,0.9160365095117622,4.012187958
ISR,2011,national,0.9479598982430147,4.012187958
ISR,2012,national,0.9638781571921781,4.012187958
ISR,2013,national,0.9790134604363809,4.012187958
ISR,2014,national,0.98371063556183,4.012187958
ISR,2015,national,0.9777956613505164,4.012187958
ISR,2016,national,0.9724026110171505,4.012187958
ISR,2017,national,0.9749252197978837,4.012187958
ISR,2018,national,0.9826668576939742,4.012187958
ISR,2019,national,0.9910173601889773,4.012187958
ISR,2020,national,0.9849284346476943,4.012187958
ISR,2021,national,1,4.012187958
ITA,1977,national,0.12683719660630627,0.693248928
ITA,1978,national,0.1421769035835994,0.693248928
ITA,1979,national,0.16321706036747186,0.693248928
ITA,1980,national,382.6077956626961,0.693248928
ITA,1981,national,451.35973650307403,0.693248928
ITA,1982,national,525.7456959718072,0.693248928
ITA,1983,national,602.7494527763427,0.693248928
ITA,1984,national,667.8132236429689,0.693248928
ITA,1986,national,771.7627263853918,0.693248928
ITA,1987,national,808.4004689781517,0.693248928
ITA,1989,national,902.4555634879706,0.693248928
ITA,1991,national,1020.768806109305,0.693248928
ITA,1993,national,1124.2868387764984,0.693248928
ITA,1995,national,1231.0872994026781,0.693248928
ITA,1998,national,1332.121655375799,0.693248928
ITA,2000,national,1388.6483044649087,0.693248928
ITA,2002,national,1462.512647197578,0.693248928
ITA,2003,national,0.7754991913433434,0.693248928
ITA,2004,national,0.7926124636779034,0.693248928
ITA,2005,national,0.8083481351476547,0.693248928
ITA,2006,national,0.8252494219547181,0.693248928
ITA,2007,national,0.8403493402179254,0.693248928
ITA,2008,national,0.8684828771351001,0.693248928
ITA,2009,national,0.8752115703016071,0.693248928
ITA,2010,national,0.8885630655588462,0.693248928
ITA,2011,national,0.9132707346691653,0.693248928
ITA,2012,national,0.9410466010896749,0.693248928
ITA,2013,national,0.9525273088135611,0.693248928
ITA,2014,national,0.9548233554495635,0.693248928
ITA,2015,national,0.9551937708388315,0.693248928
ITA,2016,national,0.9542957304541989,0.693248928
ITA,2017,national,0.9660004906783652,0.693248928
ITA,2018,national,0.9769886218615447,0.693248928
ITA,2019,national,0.9829604175497985,0.693248928
ITA,2020,national,0.9816068150465931,0.693248928
ITA,2021,national,1,0.693248928
ITA,2022,national,1.082012909355951,0.693248928
ITA,2023,national,1.1428457731733164,0.693248928
JAM,1988,national,0.014913132506428691,90.67343903
JAM,1990,national,0.024050112249560468,90.67343903
JAM,1993,national,0.08035327591600229,90.67343903
JAM,1996,national,0.1386842531331502,90.67343903
JAM,1999,national,0.1744527116762858,90.67343903
JAM,2002,national,0.21275450772185125,90.67343903
JAM,2004,national,0.2639233133764736,90.67343903
JAM,2018,national,0.8639598705512531,90.67343903
JAM,2021,national,1,90.67343903
JOR,1986,national,0.2410940977648844,0.344110966
JOR,1992,national,0.42206153895964293,0.344110966
JOR,1997,national,0.5070014211738355,0.344110966
JOR,2002,national,0.553087721329262,0.344110966
JOR,2006,national,0.6344056120088533,0.344110966
JOR,2008,national,0.7514539371162681,0.344110966
JOR,2010,national,0.7907905115933106,0.344110966
JPN,2008,national,0.9705662441699153,109.2182388
JPN,2009,national,0.9574360948615924,109.2182388
JPN,2010,national,0.9504635968280075,109.2182388
JPN,2011,national,0.9478740273161114,109.2182388
JPN,2012,national,0.9474563431182867,109.2182388
JPN,2013,national,0.9506306705071375,109.2182388
JPN,2014,national,0.9768607305282118,109.2182388
JPN,2015,national,0.9846295115785179,109.2182388
JPN,2016,national,0.9833764589850433,109.2182388
JPN,2017,national,0.9881379863256285,109.2182388
JPN,2018,national,0.9979115790108759,109.2182388
JPN,2019,national,1.002589569511896,109.2182388
JPN,2020,national,1.0023389589932012,109.2182388
KAZ,1993,national,0.0017098146665700286,142.3610535
KAZ,1996,national,0.12994980936801848,142.3610535
KAZ,2001,national,0.21711104584696184,142.3610535
KAZ,2002,national,0.2297836491121563,142.3610535
KAZ,2003,national,0.24457761298152866,142.3610535
KAZ,2004,national,0.2614095881766156,142.3610535
KAZ,2005,national,0.28157826097017374,142.3610535
KAZ,2006,national,0.3061366740810065,142.3610535
KAZ,2007,national,0.33934278892942615,142.3610535
KAZ,2008,national,0.39750583444949245,142.3610535
KAZ,2009,national,0.4265876543237495,142.3610535
KAZ,2010,national,0.45815712420835664,142.3610535
KAZ,2011,national,0.4968847049302715,142.3610535
KAZ,2012,national,0.5227012744382566,142.3610535
KAZ,2013,national,0.553764566549147,142.3610535
KAZ,2014,national,0.5916943781025279,142.3610535
KAZ,2015,national,0.6312094513362905,142.3610535
KAZ,2016,national,0.7218580223252327,142.3610535
KAZ,2017,national,0.7755834746606659,142.3610535
KAZ,2018,national,0.8233878250141234,142.3610535
KAZ,2019,national,0.8673036842233675,142.3610535
KAZ,2020,national,0.9255705099941185,142.3610535
KAZ,2021,national,1,142.3610535
KEN,1992,national,0.07786256658284023,42.42796707
KEN,1994,national,0.146414173634488,42.42796707
KEN,1997,national,0.18019631991018678,42.42796707
KEN,2005,national,0.32880478164046084,42.42796707
KEN,2015,national,0.7368167822081146,42.42796707
KEN,2020,national,0.9387641839985401,42.42796707
KEN,2021,national,1.0010284581465256,42.42796707
KEN,2022,national,1.085748876478071,42.42796707
KGZ,1998,national,0.16259197297276815,24.31611824
KGZ,2000,national,0.2644667499343447,24.31611824
KGZ,2001,national,0.2827670010883781,24.31611824
KGZ,2002,national,0.2888018482986143,24.31611824
KGZ,2003,national,0.29739261698746305,24.31611824
KGZ,2004,national,0.30961738798487276,24.31611824
KGZ,2005,national,0.32305066477394984,24.31611824
KGZ,2006,national,0.34098684637591187,24.31611824
KGZ,2007,national,0.37587015876875873,24.31611824
KGZ,2008,national,0.4680338777859826,24.31611824
KGZ,2009,national,0.5000313448273703,24.31611824
KGZ,2010,national,0.5398724327309525,24.31611824
KGZ,2011,national,0.6296873903342932,24.31611824
KGZ,2012,national,0.6471198922759426,24.31611824
KGZ,2013,national,0.6899188033047416,24.31611824
KGZ,2014,national,0.7418990302791856,24.31611824
KGZ,2015,national,0.7901470809686729,24.31611824
KGZ,2016,national,0.7932194506969343,24.31611824
KGZ,2017,national,0.8184066052654038,24.31611824
KGZ,2018,national,0.8310318568889917,24.31611824
KGZ,2019,national,0.8404526044791881,24.31611824
KGZ,2020,national,0.8936148321251777,24.31611824
KGZ,2021,national,1,24.31611824
KGZ,2022,national,1.1392291100112002,24.31611824
KGZ,2023,national,1.2617335921979471,24.31611824
KIR,2006,national,0.7648163446373455,0.917105496
KIR,2019,national,0.9620681622586624,0.917105496
KOR,2006,national,0.742267314153297,943.4208984
KOR,2008,national,0.7966527965453664,943.4208984
KOR,2010,national,0.8426738384464538,943.4208984
KOR,2012,national,0.8957714452944131,943.4208984
KOR,2014,national,0.9189962157083528,943.4208984
KOR,2016,national,0.9344802317661652,943.4208984
KOR,2017,national,0.952649614916726,943.4208984
KOR,2018,national,0.9667092015338783,943.4208984
KOR,2019,national,0.9704117151413713,943.4208984
KOR,2020,national,0.9756255795022057,943.4208984
KOR,2021,national,1,943.4208984
LAO,1992,national,0.0273603368550539,3260.253174
LAO,1997,national,0.06246710196137428,3260.253174
LAO,2002,national,0.3523655831813812,3260.253174
LAO,2007,national,0.6012217998504639,3260.253174
LAO,2012,national,0.768960177898407,3260.253174
LAO,2018,national,0.8998957872390747,3260.253174
LBN,2011,national,0.1767924871063863,4792.244141
LBN,2022,national,4.29157820376615,4792.244141
LBR,2007,national,0.20671743833069275,75.89970398
LBR,2014,national,0.3834409642720641,75.89970398
LBR,2016,national,0.4496515897924283,75.89970398
LCA,1995,national,0.6265041848222647,1.643418074
LCA,2015,national,0.9811542539109498,1.643418074
LKA,1985,national,0.04562578223535097,58.29610825
LKA,1990,national,0.08699207653668765,58.29610825
LKA,1995,national,0.14435100310078697,58.29610825
LKA,2002,national,0.25821934388784656,58.29610825
LKA,2006,national,0.39146602175179956,58.29610825
LKA,2009,national,0.549424708325316,58.29610825
LKA,2012,national,0.6720037730386987,58.29610825
LKA,2016,national,0.7729536308674777,58.29610825
LKA,2019,national,0.8802784801031108,58.29610825
LSO,1986,national,0.07136066246288425,5.817232132
LSO,1994,national,0.18828653709465282,5.817232132
LSO,2002,national,0.37011888559863354,5.817232132
LSO,2017,national,0.8197088167267598,5.817232132
LTU,1993,national,0.5872242884397307,0.48759523
LTU,1996,national,1.7604126343949797,0.48759523
LTU,1998,national,2.0138884007483298,0.48759523
LTU,1999,national,2.028540455975521,0.48759523
LTU,2000,national,2.0484529342646676,0.48759523
LTU,2001,national,2.0764576924965112,0.48759523
LTU,2002,national,2.0823030971200205,0.48759523
LTU,2003,national,2.0586832850565755,0.48759523
LTU,2004,national,2.0826484147814903,0.48759523
LTU,2005,national,2.1380153967400455,0.48759523
LTU,2006,national,2.217958325795508,0.48759523
LTU,2007,national,2.3452064137165323,0.48759523
LTU,2008,national,2.6014411505585735,0.48759523
LTU,2009,national,2.7172843035253176,0.48759523
LTU,2010,national,2.7531311754378076,0.48759523
LTU,2011,national,2.866842979066999,0.48759523
LTU,2012,national,2.955428091737742,0.48759523
LTU,2013,national,2.9863854840129456,0.48759523
LTU,2014,national,2.9894841008876454,0.48759523
LTU,2015,national,0.8581598345853656,0.48759523
LTU,2016,national,0.8659306942661081,0.48759523
LTU,2017,national,0.8981682734619414,0.48759523
LTU,2018,national,0.9224002350134659,0.48759523
LTU,2019,national,0.9439337270786284,0.48759523
LTU,2020,national,0.9552599623547751,0.48759523
LTU,2021,national,1,0.48759523
LTU,2022,national,1.1970503839013587,0.48759523
LTU,2023,national,1.306189294246021,0.48759523
LUX,1985,national,20.20772371067773,0.954369783
LUX,1986,national,20.267247568667177,0.954369783
LUX,1987,national,20.255763458548298,0.954369783
LUX,1988,national,20.546755907299435,0.954369783
LUX,1989,national,21.23937917184134,0.954369783
LUX,1990,national,21.93045923483201,0.954369783
LUX,1991,national,22.61432906693705,0.954369783
LUX,1992,national,23.327624505821124,0.954369783
LUX,1993,national,24.164642539482205,0.954369783
LUX,1994,national,24.69499938978188,0.954369783
LUX,1995,national,25.156226502193164,0.954369783
LUX,1996,national,25.45403982418792,0.954369783
LUX,1997,national,25.802128143240612,0.954369783
LUX,1998,national,26.04945950066008,0.954369783
LUX,1999,national,26.316517449576843,0.954369783
LUX,2000,national,27.145688827236448,0.954369783
LUX,2001,national,27.868802287724744,0.954369783
LUX,2002,national,28.446826344363764,0.954369783
LUX,2003,national,0.7196316116716802,0.954369783
LUX,2004,national,0.735648314268426,0.954369783
LUX,2005,national,0.7539490219354658,0.954369783
LUX,2006,national,0.774051652735544,0.954369783
LUX,2007,national,0.7919512774658279,0.954369783
LUX,2008,national,0.8188925198417089,0.954369783
LUX,2009,national,0.8219064137676495,0.954369783
LUX,2010,national,0.8405939028852126,0.954369783
LUX,2011,national,0.8692638935251144,0.954369783
LUX,2012,national,0.892411009322581,0.954369783
LUX,2013,national,0.9078857946159072,0.954369783
LUX,2014,national,0.9135922158870272,0.954369783
LUX,2015,national,0.9179294782811409,0.954369783
LUX,2016,national,0.9205991104219036,0.954369783
LUX,2017,national,0.9365328259191671,0.954369783
LUX,2018,national,0.9508448939685886,0.954369783
LUX,2019,national,0.9674211502306996,0.954369783
LUX,2020,national,0.9753536010404813,0.954369783
LUX,2021,national,1,0.954369783
LUX,2022,national,1.0633600732646542,0.954369783
LUX,2023,national,1.103144691599352,0.954369783
LVA,1993,national,0.14431787644142338,0.548201799
LVA,1995,national,0.24515735061956417,0.548201799
LVA,1996,national,0.2883307021088647,0.548201799
LVA,1997,national,0.31268710677092404,0.548201799
LVA,1998,national,0.32720895998001653,0.548201799
LVA,2002,national,0.3592209598290048,0.548201799
LVA,2003,national,0.36979156098411164,0.548201799
LVA,2004,national,0.392690473745165,0.548201799
LVA,2005,national,0.41919101162676276,0.548201799
LVA,2006,national,0.44659016587060685,0.548201799
LVA,2007,national,0.49166439907576326,0.548201799
LVA,2008,national,0.5673921343254433,0.548201799
LVA,2009,national,0.5874443572413689,0.548201799
LVA,2010,national,0.5810727372094256,0.548201799
LVA,2011,national,0.6064698876889538,0.548201799
LVA,2012,national,0.6201626819641357,0.548201799
LVA,2013,national,0.6199800327577986,0.548201799
LVA,2014,national,0.8876258115142294,0.548201799
LVA,2015,national,0.8891723879523726,0.548201799
LVA,2016,national,0.8904228705084437,0.548201799
LVA,2017,national,0.9165155288436065,0.548201799
LVA,2018,national,0.9397441380476224,0.548201799
LVA,2019,national,0.9661642406396739,0.548201799
LVA,2020,national,0.9682807378755421,0.548201799
LVA,2021,national,1,0.548201799
LVA,2022,national,1.173102766150174,0.548201799
LVA,2023,national,1.2779553247696978,0.548201799
MAR,1984,national,0.38364270941037415,4.09103775
MAR,1990,national,0.5324010936383888,4.09103775
MAR,1998,national,0.7194007839416742,4.09103775
MAR,2000,national,0.7410860264693824,4.09103775
MAR,2006,national,0.8321111932290249,4.09103775
MAR,2013,national,0.9201053103367601,4.09103775
MDA,1997,national,0.11215221735964129,6.332805634
MDA,1998,national,0.12078318980876665,6.332805634
MDA,1999,national,0.16819781565197714,6.332805634
MDA,2000,national,0.2208425711568108,6.332805634
MDA,2001,national,0.2424070962647078,6.332805634
MDA,2002,national,0.25525767792664644,6.332805634
MDA,2003,national,0.28524046036623324,6.332805634
MDA,2004,national,0.3209647516055651,6.332805634
MDA,2005,national,0.35934954442451317,6.332805634
MDA,2006,national,0.40526633595279665,6.332805634
MDA,2007,national,0.455386289811452,6.332805634
MDA,2008,national,0.5135985307367504,6.332805634
MDA,2009,national,0.5132764117570355,6.332805634
MDA,2010,national,0.5516892579276078,6.332805634
MDA,2011,national,0.5940989806426402,6.332805634
MDA,2012,national,0.6211087391683126,6.332805634
MDA,2013,national,0.6496665460351502,6.332805634
MDA,2014,national,0.6827266948622843,6.332805634
MDA,2015,national,0.748788949648001,6.332805634
MDA,2016,national,0.7964067465764179,6.332805634
MDA,2017,national,0.8487325398927921,6.332805634
MDA,2018,national,0.8745768952680204,6.332805634
MDA,2019,national,0.916886989651028,6.332805634
MDA,2020,national,0.9514167300339899,6.332805634
MDA,2021,national,1,6.332805634
MDA,2022,national,1.2873729780857235,6.332805634
MDA,2023,national,1.4600999684236693,6.332805634
MDG,1980,national,0.008122899820713621,1131.711182
MDG,1993,national,0.06297650256334071,1131.711182
MDG,1997,national,0.1461518864526608,1131.711182
MDG,1999,national,0.167839377634944,1131.711182
MDG,2001,national,0.109457,1131.711182
MDG,2005,national,0.169065,1131.711182
MDG,2010,national,0.268688,1131.711182
MDG,2012,national,0.324201,1131.711182
MDG,2021,national,1.061204396308043,1131.711182
MDV,2002,national,0.5470361820078226,10.24868298
MDV,2009,national,0.717030217042921,10.24868298
MDV,2016,national,0.97993139726993,10.24868298
MDV,2019,national,1.0105118678286795,10.24868298
MEX,1984,national,3.5867706597191154,10.90580273
MEX,1989,national,60.83509476592592,10.90580273
MEX,1992,national,108.64349331986864,10.90580273
MEX,1994,national,0.12711860930030297,10.90580273
MEX,1996,national,0.23503276841874174,10.90580273
MEX,1998,national,0.32350723382771995,10.90580273
MEX,2000,national,0.41147607097315414,10.90580273
MEX,2002,national,0.4589367829400926,10.90580273
MEX,2004,national,0.5005027553705359,10.90580273
MEX,2005,national,0.5202682318611923,10.90580273
MEX,2006,national,0.5382999873332346,10.90580273
MEX,2008,national,0.5912133113531294,10.90580273
MEX,2010,national,0.644094752873215,10.90580273
MEX,2012,national,0.6965757255352049,10.90580273
MEX,2014,national,0.7505594912752027,10.90580273
MEX,2016,national,0.7909795432498054,10.90580273
MEX,2018,national,0.885065240551949,10.90580273
MEX,2020,national,0.9500192284223314,10.90580273
MEX,2022,national,1.0903726861447005,10.90580273
MHL,2019,national,0.9812687229372246,0.952069402
MKD,1998,national,0.6409090806632304,20.55702782
MKD,2000,national,0.6745158779661803,20.55702782
MKD,2002,national,0.7260071995612898,20.55702782
MKD,2003,national,0.7322186324955313,20.55702782
MKD,2004,national,0.7289335227197712,20.55702782
MKD,2005,national,0.7327641865136548,20.55702782
MKD,2006,national,0.7563125288402678,20.55702782
MKD,2008,national,0.8377769269485071,20.55702782
MKD,2009,national,0.8315804998088854,20.55702782
MKD,2010,national,0.8441371297779046,20.55702782
MKD,2011,national,0.8770986135096589,20.55702782
MKD,2012,national,0.9061837076355989,20.55702782
MKD,2013,national,0.9314208780837149,20.55702782
MKD,2014,national,0.9287970537120505,20.55702782
MKD,2015,national,0.9260113857271708,20.55702782
MKD,2016,national,0.9237955515225247,20.55702782
MKD,2017,national,0.9362817250996387,20.55702782
MKD,2018,national,0.9499356457498985,20.55702782
MKD,2019,national,0.9572163542552536,20.55702782
MLI,1994,national,0.5462753065750042,192.8615112
MLI,2001,national,0.710874947219418,192.8615112
MLI,2006,national,0.7707704058745045,192.8615112
MLI,2009,national,0.8800568783220852,192.8615112
MLI,2018,national,0.9911308105665033,192.8615112
MLI,2021,national,1.034843195308653,192.8615112
MLT,2006,national,0.3386334709234229,0.611306906
MLT,2007,national,0.3428637379034539,0.611306906
MLT,2008,national,0.8326694454606758,0.611306906
MLT,2009,national,0.850025046803519,0.611306906
MLT,2010,national,0.8629083009168861,0.611306906
MLT,2011,national,0.888476120083244,0.611306906
MLT,2012,national,0.9095847589558699,0.611306906
MLT,2013,national,0.9203204200147166,0.611306906
MLT,2014,national,0.9231762625429052,0.611306906
MLT,2015,national,0.9333362651710256,0.611306906
MLT,2016,national,0.9393347919225854,0.611306906
MLT,2017,national,0.9521506971596221,0.611306906
MLT,2018,national,0.9631749116152979,0.611306906
MLT,2019,national,0.9789908373269198,0.611306906
MLT,2020,national,0.9852421034100849,0.611306906
MLT,2021,national,1,0.611306906
MLT,2022,national,1.061537517570453,0.611306906
MMR,2015,national,0.664841037,499.6977234
MMR,2017,national,0.775978231,499.6977234
MNE,2005,national,0.6893574144822396,0.403245211
MNE,2006,national,0.7095177291333953,0.403245211
MNE,2007,national,0.7403613579861937,0.403245211
MNE,2008,national,0.8052075518631742,0.403245211
MNE,2009,national,0.8331218632163683,0.403245211
MNE,2010,national,0.8385783936315335,0.403245211
MNE,2011,national,0.8675105382110677,0.403245211
MNE,2012,national,0.9034710358661934,0.403245211
MNE,2013,national,0.9234005802333959,0.403245211
MNE,2014,national,0.9168397177219423,0.403245211
MNE,2015,national,0.9310387119550524,0.403245211
MNE,2016,national,0.9285120108671243,0.403245211
MNE,2017,national,0.9506127920312532,0.403245211
MNE,2018,national,0.9754354085683273,0.403245211
MNE,2019,national,0.9789622848292626,0.403245211
MNE,2020,national,0.9764595116831694,0.403245211
MNE,2021,national,1,0.403245211
MNG,1995,national,0.07230413939912352,957.8392944
MNG,1998,national,0.15860364436520208,957.8392944
MNG,2002,national,0.20576173137426831,957.8392944
MNG,2007,national,0.34480924052127593,957.8392944
MNG,2010,national,0.45844168998888035,957.8392944
MNG,2011,national,0.49700221414129203,957.8392944
MNG,2012,national,0.568224295338971,957.8392944
MNG,2014,national,0.7047695256035095,957.8392944
MNG,2016,national,0.750657135198327,957.8392944
MNG,2018,national,0.8363763435805571,957.8392944
MNG,2022,national,1.151479526538077,957.8392944
MOZ,1996,national,0.141406075257533,23.62321281
MOZ,2002,national,0.23808202950189525,23.62321281
MOZ,2008,national,0.437632355987492,23.62321281
MOZ,2014,national,0.6168829657711129,23.62321281
MOZ,2019,national,0.9372436640484002,23.62321281
MOZ,2022,national,1.0564342385576313,23.62321281
MRT,1987,national,0.16954341302048495,121.1599827
MRT,1993,national,0.2631394859812088,121.1599827
MRT,1995,national,0.29972250634466013,121.1599827
MRT,2000,national,0.3799351907746732,121.1599827
MRT,2004,national,0.4999120268468768,121.1599827
MRT,2008,national,0.6456235374666467,121.1599827
MRT,2014,national,0.8348596010611881,121.1599827
MRT,2019,national,0.9604952514749375,121.1599827
MUS,2006,national,0.5976768891585703,18.76606941
MUS,2012,national,0.7979620871181149,18.76606941
MUS,2017,national,0.9042240270035536,18.76606941
MWI,1997,national,0.02152317576110363,282.0942383
MWI,2004,national,0.07480321824550629,282.0942383
MWI,2010,national,0.17122456431388855,282.0942383
MWI,2016,national,0.6359280943870544,282.0942383
MWI,2019,national,0.8645464777946472,282.0942383
MYS,1984,national,0.420893628978068,1.554940343
MYS,1987,national,0.42919426860862653,1.554940343
MYS,1989,national,0.4499178746255657,1.554940343
MYS,1992,national,0.504787433168508,1.554940343
MYS,1995,national,0.5608136971682928,1.554940343
MYS,1997,national,0.5958306275442529,1.554940343
MYS,2003,national,0.6843858943307879,1.554940343
MYS,2006,national,0.7421776021957661,1.554940343
MYS,2008,national,0.7961925161129042,1.554940343
MYS,2011,national,0.8384453888580059,1.554940343
MYS,2013,national,0.8703365205947697,1.554940343
MYS,2015,national,0.9357438075198471,1.554940343
MYS,2018,national,0.983557465876058,1.554940343
MYS,2021,national,1.015542007011224,1.554940343
NAM,1993,national,0.17281421416514314,7.239028454
NAM,2003,national,0.4118202616712925,7.239028454
NAM,2009,national,0.5849538122781321,7.239028454
NAM,2015,national,0.7844989060166657,7.239028454
NER,1992,national,0.39043944423286087,210.6578979
NER,1994,national,0.5503413912113906,210.6578979
NER,2005,national,0.7578701358112414,210.6578979
NER,2007,national,0.7851713402638062,210.6578979
NER,2011,national,0.881285130846329,210.6578979
NER,2014,national,0.8972081209156549,210.6578979
NER,2018,national,0.9580452031659223,210.6578979
NER,2021,national,1.0050714835908086,210.6578979
NGA,1985,national,0.0027366627121556265,155.7235413
NGA,1992,national,0.011135932852302396,155.7235413
NGA,1996,national,0.06140639875916258,155.7235413
NGA,2003,national,0.14072404660410306,155.7235413
NGA,2010,national,0.7310664752874796,155.7235413
NGA,2012,national,0.7310664752874795,155.7235413
NGA,2015,national,0.7310664752874796,155.7235413
NGA,2018,national,0.7310664752874795,155.7235413
NGA,2022,national,1.448794073907793,155.7235413
NIC,1993,national,0.1260734974397055,12.58244896
NIC,1998,national,0.2081403007266593,12.58244896
NIC,2001,national,0.2756938423365013,12.58244896
NIC,2005,national,0.36109927301845923,12.58244896
NIC,2009,national,0.5334757825365586,12.58244896
NIC,2014,national,0.7524180936765498,12.58244896
NLD,1983,national,1.0772524099680678,0.79715842
NLD,1987,national,1.1310296328723344,0.79715842
NLD,1990,national,1.179969809379891,0.79715842
NLD,1993,national,1.288444388370811,0.79715842
NLD,1999,national,1.4638042519017824,0.79715842
NLD,2004,national,0.7562054970968428,0.79715842
NLD,2005,national,0.7689712358149666,0.79715842
NLD,2006,national,0.7774414260071542,0.79715842
NLD,2007,national,0.7899882663374286,0.79715842
NLD,2008,national,0.8096313264989097,0.79715842
NLD,2009,national,0.8192641216047012,0.79715842
NLD,2010,national,0.8297122467381102,0.79715842
NLD,2011,national,0.8491364085117417,0.79715842
NLD,2012,national,0.8699873345316828,0.79715842
NLD,2013,national,0.8917970329583237,0.79715842
NLD,2014,national,0.9005013140233473,0.79715842
NLD,2015,national,0.9059065469735178,0.79715842
NLD,2016,national,0.9087752679511237,0.79715842
NLD,2017,national,0.9213295779198499,0.79715842
NLD,2018,national,0.9370244277434019,0.79715842
NLD,2019,national,0.961702847147649,0.79715842
NLD,2020,national,0.9739401405963203,0.79715842
NLD,2021,national,1,0.79715842
NOR,1979,national,0.2230277812846599,10.03675175
NOR,1986,national,0.408441599155992,10.03675175
NOR,1991,national,0.5334146822387564,10.03675175
NOR,1995,national,0.5799296571229577,10.03675175
NOR,2000,national,0.6499174547871442,10.03675175
NOR,2003,national,0.6949249612632425,10.03675175
NOR,2004,national,0.6980833944499163,10.03675175
NOR,2005,national,0.7087789881127389,10.03675175
NOR,2006,national,0.7252889385057228,10.03675175
NOR,2007,national,0.730457228700775,10.03675175
NOR,2008,national,0.7578781080944663,10.03675175
NOR,2009,national,0.7745316153793732,10.03675175
NOR,2010,national,0.7932668186400756,10.03675175
NOR,2011,national,0.8034599026597121,10.03675175
NOR,2012,national,0.809058924051989,10.03675175
NOR,2013,national,0.8262149409800821,10.03675175
NOR,2014,national,0.8430837836028737,10.03675175
NOR,2015,national,0.8613882556663516,10.03675175
NOR,2016,national,0.8919675682467165,10.03675175
NOR,2017,national,0.9086928539775849,10.03675175
NOR,2018,national,0.9338167020575963,10.03675175
NOR,2019,national,0.9540593132049464,10.03675175
NOR,2020,national,0.9663340932003782,10.03675175
NOR,2021,national,1,10.03675175
NOR,2022,national,1.0576412392227932,10.03675175
NOR,2023,national,1.1160002629052017,10.03675175
NPL,1984,national,0.0669262680244835,33.83321381
NPL,1995,national,0.20883928666436508,33.83321381
NPL,2003,national,0.312896761061204,33.83321381
NPL,2010,national,0.49187508534879976,33.83321381
NPL,2022,national,1.109305538170947,33.83321381
NRU,2012,national,0.7449175829055574,1.335140586
PAK,1987,national,0.06531945202369066,42.52767181
PAK,1990,national,0.08843140858593264,42.52767181
PAK,1996,national,0.16576122292409814,42.52767181
PAK,1998,national,0.1894046810198533,42.52767181
PAK,2001,national,0.2064959609984394,42.52767181
PAK,2004,national,0.24805630805444362,42.52767181
PAK,2005,national,0.2697852082089086,42.52767181
PAK,2007,national,0.3218121522407256,42.52767181
PAK,2010,national,0.4891120450009299,42.52767181
PAK,2011,national,0.5384968935887551,42.52767181
PAK,2013,national,0.6279924407948556,42.52767181
PAK,2015,national,0.6739988490366323,42.52767181
PAK,2018,national,0.7820426961818233,42.52767181
PAN,1979,national,0.41456184151857245,0.562871397
PAN,1989,national,0.5613200493184481,0.562871397
PAN,1991,national,0.5740456273011639,0.562871397
PAN,1995,national,0.6007972681851018,0.562871397
PAN,1997,national,0.6158450661823172,0.562871397
PAN,1998,national,0.6180743695893114,0.562871397
PAN,1999,national,0.6264342573655424,0.562871397
PAN,2000,national,0.6364661226970192,0.562871397
PAN,2001,national,0.6347941451417732,0.562871397
PAN,2002,national,0.6431540329180035,0.562871397
PAN,2003,national,0.6449057080700501,0.562871397
PAN,2004,national,0.6481238004256886,0.562871397
PAN,2005,national,0.6654764941697467,0.562871397
PAN,2006,national,0.6841407285323412,0.562871397
PAN,2007,national,0.7124588772204161,0.562871397
PAN,2008,national,0.7806798717871402,0.562871397
PAN,2009,national,0.795482540419543,0.562871397
PAN,2010,national,0.8225135005308895,0.562871397
PAN,2011,national,0.8669215064280905,0.562871397
PAN,2012,national,0.9190526437856862,0.562871397
PAN,2013,national,0.9570247067992385,0.562871397
PAN,2014,national,0.9782633183152956,0.562871397
PAN,2015,national,0.9874862738548882,0.562871397
PAN,2016,national,0.9884394459338977,0.562871397
PAN,2017,national,0.9922521342499434,0.562871397
PAN,2018,national,1.005197164254982,0.562871397
PAN,2019,national,1.0025282824337507,0.562871397
PAN,2021,national,1.0032202853631131,0.562871397
PAN,2023,national,1.0444344928874532,0.562871397
PAN,2024,national,1.0526965884683108,0.562871397
PER,1985,national,0.4685657000729768,1.91807282
PER,1994,national,0.36870488407346474,1.91807282
PER,1997,national,0.5064319151070451,1.91807282
PER,1998,national,0.5369348152661885,1.91807282
PER,1999,national,0.557175863708101,1.91807282
PER,2000,national,0.5794688860937818,1.91807282
PER,2001,national,0.5807630209311142,1.91807282
PER,2002,national,0.5891649873818274,1.91807282
PER,2003,national,0.5978326138514098,1.91807282
PER,2004,national,0.6187169687580897,1.91807282
PER,2005,national,0.6287172517434153,1.91807282
PER,2006,national,0.6413058044034058,1.91807282
PER,2007,national,0.6527209589612919,1.91807282
PER,2008,national,0.6904866169412633,1.91807282
PER,2009,national,0.7107608638562003,1.91807282
PER,2010,national,0.7216235914185196,1.91807282
PER,2011,national,0.7459373162178229,1.91807282
PER,2012,national,0.7728747113852483,1.91807282
PER,2013,national,0.7942670806694265,1.91807282
PER,2014,national,0.8213670547603031,1.91807282
PER,2015,national,0.849277886414535,1.91807282
PER,2016,national,0.879488166533671,1.91807282
PER,2017,national,0.9058279891866573,1.91807282
PER,2018,national,0.9194983275787478,1.91807282
PER,2019,national,0.9402065220299671,1.91807282
PER,2020,national,0.9590333045099382,1.91807282
PER,2021,national,1,1.91807282
PER,2022,national,1.0833370862839875,1.91807282
PER,2023,national,1.1532731106793046,1.91807282
PER,2024,national,1.1764274765317628,1.91807282
PHL,1985,national,0.1373783739415416,20.7462368
PHL,1988,national,0.16465399724639865,20.7462368
PHL,1991,national,0.24725029807081972,20.7462368
PHL,1994,national,0.3164588412263194,20.7462368
PHL,1997,national,0.38366689720279146,20.7462368
PHL,2000,national,0.46139595707780195,20.7462368
PHL,2003,national,0.5109010732319461,20.7462368
PHL,2006,national,0.6018862368384781,20.7462368
PHL,2009,national,0.6985391155864323,20.7462368
PHL,2012,national,0.7821592363015191,20.7462368
PHL,2015,national,0.8368315309700505,20.7462368
PHL,2018,national,0.917769456795384,20.7462368
PHL,2021,national,1,20.7462368
PHL,2023,national,1.1214717408508463,20.7462368
PNG,1996,national,0.19740722731600116,2.902994394
PNG,2009,national,0.5743883973349854,2.902994394
POL,1985,national,0.0011943178198620622,1.858052254
POL,1986,national,0.0013919770389353556,1.858052254
POL,1987,national,0.0017591670497522757,1.858052254
POL,1989,national,0.008437768439899105,1.858052254
POL,1992,national,0.14553872857629127,1.858052254
POL,1993,national,0.19933589281051886,1.858052254
POL,1995,national,0.33919829397738527,1.858052254
POL,1996,national,0.4063424908489179,1.858052254
POL,1998,national,0.5210961093102506,1.858052254
POL,1999,national,0.5583757373333922,1.858052254
POL,2000,national,0.6136559257154443,1.858052254
POL,2001,national,0.6468444781160514,1.858052254
POL,2002,national,0.6591686802833513,1.858052254
POL,2003,national,0.6636688511552647,1.858052254
POL,2004,national,0.6861184223932768,1.858052254
POL,2005,national,0.7011018975924699,1.858052254
POL,2006,national,0.7101088882884311,1.858052254
POL,2007,national,0.7275686056427071,1.858052254
POL,2008,national,0.7578716359457375,1.858052254
POL,2009,national,0.7866358647802605,1.858052254
POL,2010,national,0.8069365316270646,1.858052254
POL,2011,national,0.8411458213090419,1.858052254
POL,2012,national,0.8710937483165991,1.858052254
POL,2013,national,0.8797348003876831,1.858052254
POL,2014,national,0.8802082919697711,1.858052254
POL,2015,national,0.8725141614984916,1.858052254
POL,2016,national,0.8667139973555639,1.858052254
POL,2017,national,0.8847064312174212,1.858052254
POL,2018,national,0.9007457353898048,1.858052254
POL,2019,national,0.9208096256633792,1.858052254
POL,2020,national,0.9518820874828489,1.858052254
POL,2021,national,1,1.858052254
POL,2022,national,1.14429451262596,1.858052254
POL,2023,national,1.2762192038852536,1.858052254
PRT,2003,national,0.7825027056256784,0.609995663
PRT,2004,national,0.8010117803783238,0.609995663
PRT,2005,national,0.8192520805340237,0.609995663
PRT,2006,national,0.8447116963334745,0.609995663
PRT,2007,national,0.8654406476418842,0.609995663
PRT,2008,national,0.8878426629200787,0.609995663
PRT,2009,national,0.8804244567991152,0.609995663
PRT,2010,national,0.8927730352464577,0.609995663
PRT,2011,national,0.9253861012473771,0.609995663
PRT,2012,national,0.9510501928045648,0.609995663
PRT,2013,national,0.953660085412562,0.609995663
PRT,2014,national,0.9510074177293287,0.609995663
PRT,2015,national,0.9556477641474985,0.609995663
PRT,2016,national,0.9614523009891328,0.609995663
PRT,2017,national,0.9746108813388763,0.609995663
PRT,2018,national,0.9842957577682909,0.609995663
PRT,2019,national,0.9876244487345152,0.609995663
PRT,2020,national,0.9875015725629769,0.609995663
PRT,2021,national,1,0.609995663
PRT,2022,national,1.0783268842642009,0.609995663
PRT,2023,national,1.1248165797281426,0.609995663
PRY,1990,national,0.08807456955786551,2754.507813
PRY,1995,national,0.20608217464378922,2754.507813
PRY,1997,national,0.24907241908532027,2754.507813
PRY,1999,national,0.28688905244792817,2754.507813
PRY,2001,national,0.3285243035116465,2754.507813
PRY,2002,national,0.38644284595859196,2754.507813
PRY,2003,national,0.41128147432364337,2754.507813
PRY,2004,national,0.4343871751283424,2754.507813
PRY,2005,national,0.48753028697914985,2754.507813
PRY,2006,national,0.5451201005587187,2754.507813
PRY,2007,national,0.5833093053436236,2754.507813
PRY,2008,national,0.6151892839251123,2754.507813
PRY,2009,national,0.6296303469280489,2754.507813
PRY,2010,national,0.6654441831753335,2754.507813
PRY,2011,national,0.7064568021036706,2754.507813
PRY,2012,national,0.7301401454284904,2754.507813
PRY,2013,national,0.7619104840349528,2754.507813
PRY,2014,national,0.7884820399603579,2754.507813
PRY,2015,national,0.8138983108455236,2754.507813
PRY,2016,national,0.8433580793715137,2754.507813
PRY,2017,national,0.8849483408199768,2754.507813
PRY,2018,national,0.9210094080658653,2754.507813
PRY,2019,national,0.9434074967834214,2754.507813
PRY,2020,national,0.9595341206600637,2754.507813
PRY,2021,national,1.0321039281049418,2754.507813
PRY,2022,national,1.0992981942576037,2754.507813
PRY,2023,national,1.1458862187901233,2754.507813
PRY,2024,national,1.1951620139687416,2754.507813
PSE,2004,national,0.6855671355195863,2.007351637
PSE,2005,national,0.7137250980504879,2.007351637
PSE,2006,national,0.7411488711593041,2.007351637
PSE,2007,national,0.754932348098496,2.007351637
PSE,2009,national,0.8524416234729015,2.007351637
PSE,2010,national,0.8844010286883791,2.007351637
PSE,2011,national,0.9098473957496229,2.007351637
PSE,2016,national,0.9810085587283389,2.007351637
PSE,2023,national,1.0780678639062062,2.007351637
QAT,2017,national,1.0083953646334247,2.911948204
ROU,1989,national,1.6675595343392562,1.874802113
ROU,1992,national,18.030444730291244,1.874802113
ROU,1994,national,151.61636556043365,1.874802113
ROU,1995,national,0.0200501263386194,1.874802113
ROU,1997,national,0.07091455680209939,1.874802113
ROU,1998,national,0.1128226395467348,1.874802113
ROU,1999,national,0.16449967688595812,1.874802113
ROU,2000,national,0.2396471305392163,1.874802113
ROU,2001,national,0.32227029804469126,1.874802113
ROU,2002,national,0.3949096732752216,1.874802113
ROU,2003,national,0.45522615238863146,1.874802113
ROU,2004,national,0.5092813536671843,1.874802113
ROU,2005,national,0.555192646171373,1.874802113
ROU,2006,national,0.5916050032597245,1.874802113
ROU,2007,national,0.6202228915208061,1.874802113
ROU,2008,national,0.6689153544112841,1.874802113
ROU,2009,national,0.7062904792949757,1.874802113
ROU,2010,national,0.7493135827493231,1.874802113
ROU,2011,national,0.7926932435779083,1.874802113
ROU,2012,national,0.81912896869452545,1.874802113
ROU,2013,national,0.8517688607245849,1.874802113
ROU,2014,national,0.8608684198671459,1.874802113
ROU,2015,national,0.8557535337311165,1.874802113
ROU,2016,national,0.8425338703779887,1.874802113
ROU,2017,national,0.853815592665014,1.874802113
ROU,2018,national,0.8933086809286568,1.874802113
ROU,2019,national,0.9275032019846932,1.874802113
ROU,2020,national,0.9519064871832574,1.874802113
ROU,2021,national,1,1.874802113
ROU,2022,national,1.1379548321784998,1.874802113
ROU,2023,national,1.25627013888873,1.874802113
RUS,1993,national,0.002618995872451257,25.75553131
RUS,1996,national,0.046923981910980274,25.75553131
RUS,1997,national,0.053850583780191225,25.75553131
RUS,1998,national,0.06875948163515089,25.75553131
RUS,1999,national,0.12771833342415395,25.75553131
RUS,2000,national,0.15428216129314695,25.75553131
RUS,2001,national,0.18741734302522078,25.75553131
RUS,2002,national,0.21700817645855888,25.75553131
RUS,2003,national,0.24665863006166822,25.75553131
RUS,2004,national,0.27351634939654285,25.75553131
RUS,2005,national,0.3082127243065386,25.75553131
RUS,2006,national,0.3380127640737276,25.75553131
RUS,2007,national,0.36845858058993813,25.75553131
RUS,2008,national,0.42045088920536644,25.75553131
RUS,2009,national,0.4694222001939684,25.75553131
RUS,2010,national,0.50157476843801585,25.75553131
RUS,2011,national,0.5439100254338572,25.75553131
RUS,2012,national,0.5715120593464833,25.75553131
RUS,2013,national,0.6101103026714735,25.75553131
RUS,2014,national,0.6578417590383872,25.75553131
RUS,2015,national,0.7600335617931298,25.75553131
RUS,2016,national,0.8135585450168252,25.75553131
RUS,2017,national,0.843524530141019,25.75553131
RUS,2018,national,0.8678037154004026,25.75553131
RUS,2019,national,0.906597695033724,25.75553131
RUS,2020,national,0.9372557792532218,25.75553131
RUS,2021,national,1,25.75553131
RUS,2022,national,1.1374978149012336,25.75553131
RUS,2023,national,1.2041528277078124,25.75553131
RWA,1984,national,0.06613055680149559,291.5976868
RWA,2000,national,0.286178667830769,291.5976868
RWA,2005,national,0.41772593749281706,291.5976868
RWA,2010,national,0.5876901732956232,291.5976868
RWA,2013,national,0.7232435242692925,291.5976868
RWA,2016,national,0.8664585475973335,291.5976868
RWA,2023,national,1.3731551721186435,291.5976868
SDN,2009,national,0.005448336557055601,119.2406948
SDN,2014,national,0.01984893537474009,119.2406948
SEN,1991,national,0.46424760507642426,226.5762787
SEN,1994,national,0.6258967894691242,226.5762787
SEN,2001,national,0.7328561720904628,226.5762787
SEN,2005,national,0.7736922268028958,226.5762787
SEN,2011,national,0.9070048887851851,226.5762787
SEN,2018,national,0.9561640723305488,226.5762787
SEN,2021,national,1.0242235700129707,226.5762787
SLB,2005,national,0.5068053512784731,7.546561718
SLB,2012,national,0.8661829098791017,7.546561718
SLE,2003,national,0.1837797489498727,3170.731934
SLE,2011,national,0.35933558436213403,3170.731934
SLE,2018,national,0.6863058181653137,3170.731934
SLV,1989,national,1.9821015232516814,0.494253486
SLV,1991,national,2.909409772229845,0.494253486
SLV,1995,national,4.509145064605065,0.494253486
SLV,1996,national,4.9505413482592955,0.494253486
SLV,1998,national,5.304582963448121,0.494253486
SLV,1999,national,5.331892086875232,0.494253486
SLV,2000,national,5.543756715878831,0.494253486
SLV,2001,national,5.622740439631898,0.494253486
SLV,2002,national,5.779668627614978,0.494253486
SLV,2003,national,5.9251649608443095,0.494253486
SLV,2004,national,0.7135456908278567,0.494253486
SLV,2005,national,0.743951455159865,0.494253486
SLV,2006,national,0.7802562544989952,0.494253486
SLV,2007,national,0.8181446873970846,0.494253486
SLV,2008,national,0.8651390132591862,0.494253486
SLV,2009,national,0.8662718515803949,0.494253486
SLV,2010,national,0.8820598954843105,0.494253486
SLV,2011,national,0.927267190597161,0.494253486
SLV,2012,national,0.9333063330740686,0.494253486
SLV,2013,national,0.9403807571184467,0.494253486
SLV,2014,national,0.9524590420722623,0.494253486
SLV,2015,national,0.9549609725269764,0.494253486
SLV,2016,national,0.9471281237233636,0.494253486
SLV,2017,national,0.9629429035733766,0.494253486
SLV,2018,national,0.9733731415274713,0.494253486
SLV,2019,national,0.9677584673572721,0.494253486
SLV,2021,national,1.0259862823464097,0.494253486
SLV,2022,national,1.1011370672504084,0.494253486
SLV,2023,national,1.1243157822722514,0.494253486
SRB,2002,national,0.3024016331482264,48.24728394
SRB,2003,national,0.3322673462363643,48.24728394
SRB,2004,national,0.368904359238086,48.24728394
SRB,2005,national,0.428371660692769,48.24728394
SRB,2006,national,0.4785940456400303,48.24728394
SRB,2007,national,0.5091844041079676,48.24728394
SRB,2008,national,0.5723791941983468,48.24728394
SRB,2009,national,0.6188389356873717,48.24728394
SRB,2010,national,0.6568514468953205,48.24728394
SRB,2012,national,0.7835199604221346,48.24728394
SRB,2013,national,0.843806046008066,48.24728394
SRB,2014,national,0.8613778445337984,48.24728394
SRB,2015,national,0.8733713770487269,48.24728394
SRB,2016,national,0.8831733333707515,48.24728394
SRB,2017,national,0.9108260215645645,48.24728394
SRB,2018,national,0.9286767534363526,48.24728394
SRB,2019,national,0.9458501473445605,48.24728394
SRB,2020,national,0.9607522841363599,48.24728394
SRB,2021,national,1,48.24728394
SRB,2022,national,1.1198151522847777,48.24728394
SSD,2009,national,0.004379299476281312,158.0521393
SSD,2016,national,0.014292871568968276,158.0521393
STP,2000,national,98.74305306370862,10.56940411
STP,2010,national,422.3422776890165,10.56940411
STP,2017,national,724.6885577492075,10.56940411
SUR,1999,national,28.729597802445728,6.335016727
SUR,2022,national,1.5244602492783559,6.335016727
SVK,1992,national,7.129991775082437,0.570268869
SVK,1996,national,11.583244046265001,0.570268869
SVK,2004,national,20.993320720859916,0.570268869
SVK,2005,national,21.562047165232,0.570268869
SVK,2006,national,22.5287458554103,0.570268869
SVK,2007,national,23.14980081069941,0.570268869
SVK,2008,national,24.21426934699656,0.570268869
SVK,2009,national,0.8167482012976425,0.570268869
SVK,2010,national,0.8245646174008097,0.570268869
SVK,2011,national,0.8568816847409244,0.570268869
SVK,2012,national,0.8877817203727452,0.570268869
SVK,2013,national,0.9002148603816429,0.570268869
SVK,2014,national,0.8995292120536209,0.570268869
SVK,2015,national,0.8966037414418205,0.570268869
SVK,2016,national,0.8919413453931277,0.570268869
SVK,2017,national,0.9036431020217536,0.570268869
SVK,2018,national,0.9263610298602709,0.570268869
SVK,2019,national,0.9510444954876426,0.570268869
SVK,2020,national,0.9694656560583154,0.570268869
SVK,2021,national,1,0.570268869
SVK,2022,national,1.1277414609449077,0.570268869
SVK,2023,national,1.246514573817255,0.570268869
SVN,1987,national,0.02928380128777685,0.600284755
SVN,1993,national,0.28852172401908466,0.600284755
SVN,1997,national,112.99920360924504,0.600284755
SVN,1998,national,0.5087476091824895,0.600284755
SVN,1999,national,129.42081506261283,0.600284755
SVN,2002,national,164.19406840318183,0.600284755
SVN,2003,national,173.2972615701074,0.600284755
SVN,2004,national,179.52379029002688,0.600284755
SVN,2005,national,183.92480566031665,0.600284755
SVN,2006,national,188.44553927736996,0.600284755
SVN,2007,national,0.8151307336932677,0.600284755
SVN,2008,national,0.861164646681088,0.600284755
SVN,2009,national,0.868392066659153,0.600284755
SVN,2010,national,0.884033288569166,0.600284755
SVN,2011,national,0.8999710722444559,0.600284755
SVN,2012,national,0.9233470458583501,0.600284755
SVN,2013,national,0.9396829655583,0.600284755
SVN,2014,national,0.941556154074797,0.600284755
SVN,2015,national,0.9366077475260496,0.600284755
SVN,2016,national,0.9360926594656857,0.600284755
SVN,2017,national,0.9494703806154766,0.600284755
SVN,2018,national,0.9659779513712897,0.600284755
SVN,2019,national,0.9817284364288461,0.600284755
SVN,2020,national,0.9811899444720636,0.600284755
SVN,2021,national,1,0.600284755
SVN,2022,national,1.088336961611742,0.600284755
SVN,2023,national,1.1693841153370994,0.600284755
SWE,1981,national,0.3266371459635438,8.935531616
SWE,1987,national,0.4865246819154661,8.935531616
SWE,1992,national,0.6776947358108211,8.935531616
SWE,1995,national,0.7428555924424256,8.935531616
SWE,2000,national,0.7599622959121337,8.935531616
SWE,2001,national,0.7782466805683343,8.935531616
SWE,2002,national,0.7950450109695684,8.935531616
SWE,2003,national,0.8103547991516984,8.935531616
SWE,2004,national,0.8133827859913094,8.935531616
SWE,2005,national,0.8170688057240927,8.935531616
SWE,2006,national,0.8281826760098462,8.935531616
SWE,2007,national,0.8465035059785442,8.935531616
SWE,2008,national,0.8755982292957508,8.935531616
SWE,2009,national,0.8712687682432492,8.935531616
SWE,2010,national,0.8813579335158154,8.935531616
SWE,2011,national,0.9074562738621816,8.935531616
SWE,2012,national,0.9155178828474171,8.935531616
SWE,2013,national,0.9151124119353153,8.935531616
SWE,2014,national,0.9134684728210427,8.935531616
SWE,2015,national,0.9130411481698972,8.935531616
SWE,2016,national,0.9220279436028289,8.935531616
SWE,2017,national,0.9385737120229924,8.935531616
SWE,2018,national,0.9569090663228703,8.935531616
SWE,2019,national,0.9739817452019444,8.935531616
SWE,2020,national,0.9788260131040398,8.935531616
SWE,2021,national,1,8.935531616
SWE,2022,national,1.083692894582875,8.935531616
SWE,2023,national,1.176333785806595,8.935531616
SWZ,1994,national,0.18730959142331605,6.189027309
SWZ,2000,national,0.29534491835005694,6.189027309
SWZ,2009,national,0.5384006681870978,6.189027309
SWZ,2016,national,0.8211818060520067,6.189027309
SYC,1999,national,0.3188187318560668,9.831793785
SYC,2006,national,0.3819685095815188,9.831793785
SYC,2013,national,0.7939130034073889,9.831793785
SYC,2018,national,0.8854770360335144,9.831793785
SYR,1996,national,0.014885053079562144,506.863739
SYR,2003,national,0.015280209434220926,506.863739
SYR,2006,national,0.019017557344657043,506.863739
SYR,2009,national,0.022800649604311,506.863739
SYR,2022,national,2.0241363956357694,506.863739
TCD,2003,national,0.6875147386938624,215.85714720000001
TCD,2011,national,0.8362902647358642,215.85714720000001
TCD,2018,national,0.969456329723006,215.85714720000001
TCD,2022,national,1.0051924417288933,215.85714720000001
TGO,2006,national,0.7180213049220486,220.6676788
TGO,2011,national,0.8584423112483623,220.6676788
TGO,2015,national,0.9215637269422445,220.6676788
TGO,2018,national,0.921536282097476,220.6676788
TGO,2021,national,1.007315123979838,220.6676788
THA,1981,national,0.3209500837064113,11.71212101
THA,1988,national,0.3923995638824501,11.71212101
THA,1990,national,0.4376569935604413,11.71212101
THA,1992,national,0.4817961791329952,11.71212101
THA,1994,national,0.5228795622879784,11.71212101
THA,1996,national,0.5854213743903545,11.71212101
THA,1998,national,0.6677919458641947,11.71212101
THA,1999,national,0.6696932997357914,11.71212101
THA,2000,national,0.6803545847471464,11.71212101
THA,2002,national,0.6962446767896385,11.71212101
THA,2004,national,0.7283644243020847,11.71212101
THA,2006,national,0.7967462576050296,11.71212101
THA,2007,national,0.8146056162046109,11.71212101
THA,2008,national,0.8591522443364209,11.71212101
THA,2009,national,0.8516580258064178,11.71212101
THA,2010,national,0.8795900704406212,11.71212101
THA,2011,national,0.9130918276813583,11.71212101
THA,2012,national,0.9406206239686011,11.71212101
THA,2013,national,0.9611721300028648,11.71212101
THA,2014,national,0.9793876946642975,11.71212101
THA,2015,national,0.9705690445523993,11.71212101
THA,2016,national,0.9723951710322601,11.71212101
THA,2017,national,0.978867746554421,11.71212101
THA,2018,national,0.9892818750236134,11.71212101
THA,2019,national,0.9962733920447001,11.71212101
THA,2020,national,0.9878455754113666,11.71212101
THA,2021,national,1,11.71212101
THA,2022,national,0.9838931510660648,11.71212101
THA,2023,national,1.067308114955239,11.71212101
TJK,1999,national,0.05774907395243645,3.21827817
TJK,2003,national,0.13881179690361023,3.21827817
TJK,2004,national,0.1487257033586502,3.21827817
TJK,2007,national,0.3469448387622833,3.21827817
TJK,2009,national,0.444917768239975,3.21827817
TJK,2015,national,0.6637516021728516,3.21827817
TJK,2021,national,1,3.21827817
TJK,2022,national,1.0659189,3.21827817
TJK,2023,national,1.1034428,3.21827817
TJK,2024,national,1.1418703,3.21827817
TKM,1998,national,818.3446338916555,1.572154284
TLS,2001,national,0.41782378207937093,0.559579313
TLS,2007,national,0.5577408209459321,0.559579313
TLS,2014,national,0.9282873696842533,0.559579313
TON,2000,national,0.3737281023775124,1.735335112
TON,2009,national,0.7124664524787909,1.735335112
TON,2015,national,0.8104832373825076,1.735335112
TON,2021,national,1,1.735335112
TTO,1988,national,0.16519945519095047,4.061946869
TTO,1992,national,0.22596651859605685,4.061946869
TUN,1985,national,0.19431448317208475,0.873126209
TUN,1990,national,0.27473383248320554,0.873126209
TUN,1995,national,0.3639301709246959,0.873126209
TUN,2000,national,0.42663096886418944,0.873126209
TUN,2005,national,0.49061091401189644,0.873126209
TUN,2010,national,0.5842294105516511,0.873126209
TUN,2015,national,0.7275123445809231,0.873126209
TUN,2021,national,1.0139183927436854,0.873126209
TUR,1987,national,5.151289445476972e-5,3.023272276
TUR,1994,national,0.0021899202723858736,3.023272276
TUR,2002,national,0.14642771003981553,3.023272276
TUR,2003,national,0.1780596691331006,3.023272276
TUR,2004,national,0.19336970828945144,3.023272276
TUR,2005,national,0.2091857181301117,3.023272276
TUR,2006,national,0.22926178180396853,3.023272276
TUR,2007,national,0.24933636712975962,3.023272276
TUR,2008,national,0.27537737136723833,3.023272276
TUR,2009,national,0.29259113506885903,3.023272276
TUR,2010,national,0.31765579946736816,3.023272276
TUR,2011,national,0.33821409543323255,3.023272276
TUR,2012,national,0.3682866517868914,3.023272276
TUR,2013,national,0.3958826843078345,3.023272276
TUR,2014,national,0.4309364254106027,3.023272276
TUR,2015,national,0.46399291827653116,3.023272276
TUR,2016,national,0.5000689734195927,3.023272276
TUR,2017,national,0.5557982362192755,3.023272276
TUR,2018,national,0.6465737999109695,3.023272276
TUR,2019,national,0.74470315158603,3.023272276
TUR,2020,national,0.836144941315883,3.023272276
TUR,2021,national,1,3.023272276
TUR,2022,national,1.7230882487517896,3.023272276
TUV,2010,national,0.7471323459626312,1.2945261
TWN,1981,national,0.547,15.7015686
TWN,1986,national,0.5737500000000001,15.7015686
TWN,1991,national,0.65809,15.7015686
TWN,1995,national,0.76371,15.7015686
TWN,1997,national,0.7943300000000001,15.7015686
TWN,2000,national,0.8192300000000001,15.7015686
TWN,2005,national,0.84753,15.7015686
TWN,2007,national,0.86793,15.7015686
TWN,2010,national,0.8993099999999999,15.7015686
TWN,2013,national,0.9371100000000001,15.7015686
TWN,2016,national,0.95857,15.7015686
TWN,2017,national,0.9645300000000001,15.7015686
TWN,2018,national,0.9775499999999999,15.7015686
TWN,2019,national,0.9830200000000002,15.7015686
TWN,2020,national,0.9806800000000001,15.7015686
TWN,2021,national,1,15.7015686
TZA,1991,national,0.06551542775840824,681.8508911
TZA,2000,national,0.26195758612579895,681.8508911
TZA,2007,national,0.37929359604593293,681.8508911
TZA,2011,national,0.6305358363930553,681.8508911
TZA,2017,national,0.8999836939733094,681.8508911
UGA,1989,national,0.05978221626684836,1315.2677
UGA,1992,national,0.15969334799204962,1315.2677
UGA,1996,national,0.24782207536467993,1315.2677
UGA,1999,national,0.2846093772444862,1315.2677
UGA,2002,national,0.30258511421589335,1315.2677
UGA,2005,national,0.3673662608156019,1315.2677
UGA,2009,national,0.5256020826373307,1315.2677
UGA,2012,national,0.7221540504800702,1315.2677
UGA,2016,national,0.874967104804135,1315.2677
UGA,2019,national,0.9671333923791527,1315.2677
UKR,1992,national,1.3271644470107924,8.662703514
UKR,1993,national,0.6416726916566894,8.662703514
UKR,1995,national,0.03032191973367678,8.662703514
UKR,1996,national,5.46781538003087,8.662703514
UKR,1999,national,0.08600061792657306,8.662703514
UKR,2002,national,0.12437566029902535,8.662703514
UKR,2003,national,0.13084874854800516,8.662703514
UKR,2004,national,0.1426955075797868,8.662703514
UKR,2005,national,0.16180248192872168,8.662703514
UKR,2006,national,0.17644969238684566,8.662703514
UKR,2007,national,0.19910366893601386,8.662703514
UKR,2008,national,0.24933047908958658,8.662703514
UKR,2009,national,0.28892713191900554,8.662703514
UKR,2010,national,0.31600808343431197,8.662703514
UKR,2011,national,0.34114882266061874,8.662703514
UKR,2012,national,0.3430890349496184,8.662703514
UKR,2013,national,0.3422692153947859,8.662703514
UKR,2014,national,0.38358745553604834,8.662703514
UKR,2015,national,0.5703940601898575,8.662703514
UKR,2016,national,0.6497513104720593,8.662703514
UKR,2017,national,0.7435645225763802,8.662703514
UKR,2018,national,0.8249986619225593,8.662703514
UKR,2019,national,0.8900639432250126,8.662703514
UKR,2020,national,0.9143848387869834,8.662703514
URY,1981,national,1.0440588358557148e-4,28.00548744
URY,1989,national,0.004186059418477785,28.00548744
URY,1992,national,0.022913782345187896,28.00548744
URY,1995,national,0.08021241752891586,28.00548744
URY,1996,national,0.10864195564902826,28.00548744
URY,1997,national,0.1350722095422397,28.00548744
URY,1998,national,0.15556132803778236,28.00548744
URY,2000,national,0.17603626721256668,28.00548744
URY,2001,national,0.18492670132793348,28.00548744
URY,2002,national,0.19156262344275274,28.00548744
URY,2003,national,0.2413320393038973,28.00548744
URY,2004,national,0.26583390557399905,28.00548744
URY,2005,national,0.2860110790128621,28.00548744
URY,2006,national,0.3000214027413063,28.00548744
URY,2007,national,0.3191635048003076,28.00548744
URY,2008,national,0.34631360033813047,28.00548744
URY,2009,national,0.37817428027526023,28.00548744
URY,2010,national,0.4004853209301592,28.00548744
URY,2011,national,0.42823494539152973,28.00548744
URY,2012,national,0.4650631506952022,28.00548744
URY,2013,national,0.49983582826099293,28.00548744
URY,2014,national,0.5424452053274528,28.00548744
URY,2015,national,0.5872385806154052,28.00548744
URY,2016,national,0.6426521825490699,28.00548744
URY,2017,national,0.6947255519086779,28.00548744
URY,2018,national,0.7402469266038002,28.00548744
URY,2019,national,0.7991720550896734,28.00548744
URY,2020,national,0.8694025861338835,28.00548744
URY,2021,national,0.9512382841982056,28.00548744
URY,2022,national,1.0269502225434277,28.00548744
URY,2023,national,1.1121435671348883,28.00548744
URY,2024,national,1.1689959680472723,28.00548744
USA,1977,national,0.2236719653616589,1
USA,1978,national,0.2407402893703508,1
USA,1979,national,0.2678343245734074,1
USA,1980,national,0.30412374330382647,1
USA,1981,national,0.3355540790627515,1
USA,1982,national,0.3561283145648409,1
USA,1983,national,0.3675687154968978,1
USA,1984,national,0.3833761454168866,1
USA,1985,national,0.39696928636424444,1
USA,1986,national,0.4045039531621337,1
USA,1987,national,0.41932724441726393,1
USA,1988,national,0.4364263429046209,1
USA,1989,national,0.4574926630880067,1
USA,1990,national,0.4821879159351141,1
USA,1991,national,0.5026083864859486,1
USA,1992,national,0.5178314850329819,1
USA,1993,national,0.5331160711418765,1
USA,1994,national,0.5470168033872126,1
USA,1995,national,0.5623629077557027,1
USA,1996,national,0.5788469157403062,1
USA,1997,national,0.5923785384280685,1
USA,1998,national,0.601573921955431,1
USA,1999,national,0.6147365578765567,1
USA,2000,national,0.6354952867619643,1
USA,2001,national,0.6534554873949885,1
USA,2002,national,0.6638194722727934,1
USA,2003,national,0.6788888058685718,1
USA,2004,national,0.6970643204101806,1
USA,2005,national,0.7207139163328339,1
USA,2006,national,0.7439637663590528,1
USA,2007,national,0.7651865835920487,1
USA,2008,national,0.7945629032492754,1
USA,2009,national,0.7917378521544315,1
USA,2010,national,0.8047226867983227,1
USA,2011,national,0.83012653544695,1
USA,2012,national,0.8473046192047359,1
USA,2013,national,0.8597162043577644,1
USA,2014,national,0.8736627376227196,1
USA,2015,national,0.8746991545291407,1
USA,2016,national,0.8857341918793811,1
USA,2017,national,0.9046013263754258,1
USA,2018,national,0.9266969415908684,1
USA,2019,national,0.9434906283193844,1
USA,2020,national,0.955129367312942,1
USA,2021,national,1,1
USA,2022,national,1.0800280724640894,1
USA,2023,national,1.1244856364380142,1
UZB,1998,national,0.044944222734260214,2906.581543
UZB,2000,national,0.07253505517206682,2906.581543
UZB,2002,national,0.11748809568594921,2906.581543
UZB,2003,national,0.13216969875688178,2906.581543
UZB,2021,national,1,2906.581543
UZB,2022,national,1.1144663761032054,2906.581543
UZB,2023,national,1.225429262771507,2906.581543
UZB,2024,national,1.0482844836843246,2906.581543
VEN,1981,national,6.686757033669031e-11,15517657088
VEN,1987,national,1.3851307223297272e-10,15517657088
VEN,1989,national,3.308000758962012e-10,15517657088
VEN,1992,national,9.322990742053579e-10,15517657088
VEN,1995,national,3.640366562786332e-9,15517657088
VEN,1998,national,1.3226268699313582e-8,15517657088
VEN,1999,national,1.5875263654000686e-8,15517657088
VEN,2001,national,2.02191127715582e-8,15517657088
VEN,2002,national,2.653060840070874e-8,15517657088
VEN,2003,national,3.371621579171612e-8,15517657088
VEN,2004,national,4.018465378679029e-8,15517657088
VEN,2005,national,4.595450459454264e-8,15517657088
VEN,2006,national,5.375126203256952e-8,15517657088
VNM,1992,national,0.17801890532735057,7510.822266
VNM,1997,national,0.2721765977723549,7510.822266
VNM,2002,national,0.28410015859958804,7510.822266
VNM,2004,national,0.30448308248302436,7510.822266
VNM,2006,national,0.36337299125843814,7510.822266
VNM,2008,national,0.44150837723505665,7510.822266
VNM,2010,national,0.5582138791893494,7510.822266
VNM,2012,national,0.7342521829899431,7510.822266
VNM,2014,national,0.82900488012438045,7510.822266
VNM,2016,national,0.8434574836794156,7510.822266
VNM,2018,national,0.9109716145100263,7510.822266
VNM,2020,national,0.9943717253352531,7510.822266
VNM,2022,national,1.0038351244047714,7510.822266
VUT,2010,national,0.7919984453796676,120.3515854
VUT,2019,national,0.9380472509844007,120.3515854
WSM,2002,national,0.5397937422758521,1.788847446
WSM,2008,national,0.7820409849496471,1.788847446
WSM,2013,national,0.9044749024290402,1.788847446
XKX,2003,national,0.7227308328973695,0.390215904
XKX,2005,national,0.7053230192928999,0.390215904
XKX,2006,national,0.7097076387862765,0.390215904
XKX,2009,national,0.7903726068577454,0.390215904
XKX,2010,national,0.8178815749012591,0.390215904
XKX,2011,national,0.8778847872229965,0.390215904
XKX,2012,national,0.8996276751875975,0.390215904
XKX,2013,national,0.9155270454028107,0.390215904
XKX,2014,national,0.9194542772051453,0.390215904
XKX,2015,national,0.9145174229142622,0.390215904
XKX,2016,national,0.917015583379592,0.390215904
XKX,2017,national,0.9306629588103977,0.390215904
XKX,2018,national,0.9404702744176389,0.390215904
XKX,2019,national,0.965637142925604,0.390215904
XKX,2020,national,0.9675513072926442,0.390215904
XKX,2021,national,1,0.390215904
XKX,2022,national,1.1158050722235757,0.390215904
YEM,1998,national,0.04065879542581776,572.0146484
YEM,2005,national,0.08189652356718763,572.0146484
YEM,2014,national,0.20953410702748113,572.0146484
ZAF,1993,national,0.21381478590104047,7.524514198
ZAF,2000,national,0.36443786111187165,7.524514198
ZAF,2005,national,0.44579683967362627,7.524514198
ZAF,2008,national,0.547340168494282,7.524514198
ZAF,2010,national,0.6109177709799481,7.524514198
ZAF,2014,national,0.7600676174105983,7.524514198
ZMB,1991,national,0.0014296359951437064,6.189584732
ZMB,1993,national,10.761994154543533,6.189584732
ZMB,1996,national,0.03211967177255807,6.189584732
ZMB,1998,national,0.049737190604112094,6.189584732
ZMB,2002,national,0.1388768562328242,6.189584732
ZMB,2004,national,0.1896268757249779,6.189584732
ZMB,2006,national,0.22947383766734242,6.189584732
ZMB,2010,national,0.33353459953251413,6.189584732
ZMB,2015,national,0.48043013626793835,6.189584732
ZMB,2022,national,1.1099320594255078,6.189584732
ZWE,2011,national,0.7134042784826684,0.644237995
ZWE,2017,national,0.6557815980738737,0.644237995
ZWE,2019,national,0.6557815980738736,0.644237995
